Id,MSSubClass,MSZoning,LotArea,LotConfig,BldgType,OverallCond,YearBuilt,YearRemodAdd,Exterior1st,BsmtFinSF2,TotalBsmtSF,SalePrice
0,60,RL,8450,Inside,1Fam,5,2003,2003,VinylSd,0,856,208500
1,20,RL,9600,FR2,1Fam,8,1976,1976,MetalSd,0,1262,181500
2,60,RL,11250,Inside,1Fam,5,2001,2002,VinylSd,0,920,223500
3,70,RL,9550,Corner,1Fam,5,1915,1970,Wd Sdng,0,756,140000
4,60,RL,14260,FR2,1Fam,5,2000,2000,VinylSd,0,1145,250000
5,50,RL,14115,Inside,1Fam,5,1993,1995,VinylSd,0,796,143000
6,20,RL,10084,Inside,1Fam,5,2004,2005,VinylSd,0,1686,307000
7,60,RL,10382,Corner,1Fam,6,1973,1973,HdBoard,32,1107,200000
8,50,RM,6120,Inside,1Fam,5,1931,1950,BrkFace,0,952,129900
9,190,RL,7420,Corner,2fmCon,6,1939,1950,MetalSd,0,991,118000
10,20,RL,11200,Inside,1Fam,5,1965,1965,HdBoard,0,1040,129500
11,60,RL,11924,Inside,1Fam,5,2005,2006,WdShing,0,1175,345000
12,20,RL,12968,Inside,1Fam,6,1962,1962,HdBoard,0,912,144000
13,20,RL,10652,Inside,1Fam,5,2006,2007,VinylSd,0,1494,279500
14,20,RL,10920,Corner,1Fam,5,1960,1960,MetalSd,0,1253,157000
15,45,RM,6120,Corner,1Fam,8,1929,2001,Wd Sdng,0,832,132000
16,20,RL,11241,CulDSac,1Fam,7,1970,1970,Wd Sdng,0,1004,149000
17,90,RL,10791,Inside,Duplex,5,1967,1967,MetalSd,0,0,90000
18,20,RL,13695,Inside,1Fam,5,2004,2004,VinylSd,0,1114,159000
19,20,RL,7560,Inside,1Fam,6,1958,1965,BrkFace,0,1029,139000
20,60,RL,14215,Corner,1Fam,5,2005,2006,VinylSd,0,1158,325300
21,45,RM,7449,Inside,1Fam,7,1930,1950,Wd Sdng,0,637,139400
22,20,RL,9742,Inside,1Fam,5,2002,2002,VinylSd,0,1777,230000
23,120,RM,4224,Inside,TwnhsE,7,1976,1976,CemntBd,0,1040,129900
24,20,RL,8246,Inside,1Fam,8,1968,2001,Plywood,668,1060,154000
25,20,RL,14230,Corner,1Fam,5,2007,2007,VinylSd,0,1566,256300
26,20,RL,7200,Corner,1Fam,7,1951,2000,Wd Sdng,486,900,134800
27,20,RL,11478,Inside,1Fam,5,2007,2008,VinylSd,0,1704,306000
28,20,RL,16321,CulDSac,1Fam,6,1957,1997,MetalSd,0,1484,207500
29,30,RM,6324,Inside,1Fam,6,1927,1950,MetalSd,0,520,68500
30,70,C (all),8500,Inside,1Fam,4,1920,1950,BrkFace,0,649,40000
31,20,RL,8544,CulDSac,1Fam,6,1966,2006,HdBoard,0,1228,149350
32,20,RL,11049,Corner,1Fam,5,2007,2007,VinylSd,0,1234,179900
33,20,RL,10552,Inside,1Fam,5,1959,1959,BrkFace,0,1398,165500
34,120,RL,7313,Inside,TwnhsE,5,2005,2005,MetalSd,0,1561,277500
35,60,RL,13418,Inside,1Fam,5,2004,2005,VinylSd,0,1117,309000
36,20,RL,10859,Corner,1Fam,5,1994,1995,VinylSd,0,1097,145000
37,20,RL,8532,Inside,1Fam,6,1954,1990,Wd Sdng,0,1297,153000
38,20,RL,7922,Inside,1Fam,7,1953,2007,VinylSd,0,1057,109000
39,90,RL,6040,Inside,Duplex,5,1955,1955,AsbShng,0,0,82000
40,20,RL,8658,Inside,1Fam,5,1965,1965,Wd Sdng,0,1088,160000
41,20,RL,16905,Inside,1Fam,6,1959,1959,VinylSd,0,1350,170000
42,85,RL,9180,CulDSac,1Fam,7,1983,1983,HdBoard,93,840,144000
43,20,RL,9200,CulDSac,1Fam,6,1975,1980,VinylSd,491,938,130250
44,20,RL,7945,Inside,1Fam,6,1959,1959,BrkFace,506,1150,141000
45,120,RL,7658,Inside,TwnhsE,5,2005,2005,MetalSd,0,1752,319900
46,50,RL,12822,CulDSac,1Fam,5,2003,2003,VinylSd,0,1434,239686
47,20,FV,11096,Inside,1Fam,5,2006,2006,VinylSd,0,1656,249700
48,190,RM,4456,Inside,2fmCon,5,1920,2008,MetalSd,0,736,113000
49,20,RL,7742,Inside,1Fam,7,1966,1966,HdBoard,0,955,127000
50,60,RL,13869,Corner,1Fam,6,1997,1997,VinylSd,0,794,177000
51,50,RM,6240,Inside,1Fam,6,1934,1950,Wd Sdng,0,816,114500
52,90,RM,8472,Corner,Duplex,5,1963,1963,Wd Sdng,712,816,110000
53,20,RL,50271,Inside,1Fam,5,1981,1987,WdShing,0,1842,385000
54,80,RL,7134,Inside,1Fam,5,1955,1955,MetalSd,0,384,130000
55,20,RL,10175,Inside,1Fam,5,1964,1964,HdBoard,0,1425,180500
56,160,FV,2645,Inside,Twnhs,5,1999,2000,MetalSd,0,970,172500
57,60,RL,11645,Corner,1Fam,5,2004,2004,VinylSd,0,860,196500
58,60,RL,13682,CulDSac,1Fam,5,2006,2006,VinylSd,0,1410,438780
59,20,RL,7200,Inside,1Fam,7,1972,1972,HdBoard,0,780,124900
60,20,RL,13072,Inside,1Fam,5,2004,2004,VinylSd,0,1158,158000
61,75,RM,7200,Inside,1Fam,7,1920,1996,MetalSd,0,530,101000
62,120,RL,6442,Inside,TwnhsE,5,2006,2006,VinylSd,0,1370,202500
63,70,RM,10300,Inside,1Fam,6,1921,1950,Stucco,0,576,140000
64,60,RL,9375,Inside,1Fam,5,1997,1998,VinylSd,0,1057,219500
65,60,RL,9591,Inside,1Fam,5,2004,2005,VinylSd,0,1143,317000
66,20,RL,19900,Inside,1Fam,5,1970,1989,Plywood,0,1947,180000
67,20,RL,10665,Inside,1Fam,5,2003,2003,VinylSd,0,1453,226000
68,30,RM,4608,Corner,1Fam,6,1945,1950,MetalSd,0,747,80000
69,50,RL,15593,Corner,1Fam,4,1953,1953,BrkFace,0,1304,225000
70,20,RL,13651,Inside,1Fam,6,1973,1973,Plywood,0,2223,244000
71,20,RL,7599,Corner,1Fam,6,1982,2006,HdBoard,0,845,129500
72,60,RL,10141,Corner,1Fam,5,1998,1998,VinylSd,0,832,185000
73,20,RL,10200,Inside,1Fam,7,1954,2003,Wd Sdng,362,1086,144900
74,50,RM,5790,Corner,1Fam,6,1915,1950,VinylSd,0,840,107400
75,180,RM,1596,Inside,Twnhs,5,1973,1973,CemntBd,0,462,91000
76,20,RL,8475,Inside,1Fam,7,1956,1956,VinylSd,0,952,135750
77,50,RM,8635,Inside,1Fam,5,1948,2001,Wd Sdng,41,672,127000
78,90,RL,10778,Inside,Duplex,5,1968,1968,HdBoard,0,1768,136500
79,50,RM,10440,Corner,1Fam,6,1910,1981,Wd Sdng,0,440,110000
80,60,RL,13000,Corner,1Fam,6,1968,1968,VinylSd,0,896,193500
81,120,RM,4500,FR2,TwnhsE,5,1998,1998,VinylSd,0,1237,153500
82,20,RL,10206,Inside,1Fam,5,2007,2007,VinylSd,0,1563,245000
83,20,RL,8892,Inside,1Fam,5,1960,1960,MetalSd,0,1065,126500
84,80,RL,8530,Inside,1Fam,5,1995,1996,HdBoard,0,384,168500
85,60,RL,16059,Corner,1Fam,5,1991,1992,HdBoard,0,1288,260000
86,60,RL,11911,Inside,1Fam,5,2005,2005,VinylSd,0,684,174000
87,160,FV,3951,Corner,TwnhsE,5,2009,2009,VinylSd,0,612,164500
88,50,C (all),8470,Corner,1Fam,2,1915,1982,Plywood,0,1013,85000
89,20,RL,8070,Inside,1Fam,5,1994,1995,VinylSd,0,990,123600
90,20,RL,7200,Inside,1Fam,5,1950,1950,BrkFace,0,0,109900
91,20,RL,8500,Inside,1Fam,3,1961,1961,HdBoard,0,1235,98600
92,30,RL,13360,Inside,1Fam,7,1921,2006,Wd Sdng,0,876,163500
93,190,C (all),7200,Corner,2fmCon,6,1910,1998,MetalSd,0,1214,133900
94,60,RL,9337,Inside,1Fam,5,1997,1997,VinylSd,0,824,204750
95,60,RL,9765,Corner,1Fam,8,1993,1993,VinylSd,0,680,185000
96,20,RL,10264,Inside,1Fam,5,1999,1999,VinylSd,0,1588,214000
97,20,RL,10921,Inside,1Fam,5,1965,1965,HdBoard,0,960,94750
98,30,RL,10625,Corner,1Fam,5,1920,1950,Wd Sdng,0,458,83000
99,20,RL,9320,Inside,1Fam,5,1959,1959,Plywood,0,950,128950
100,20,RL,10603,Inside,1Fam,7,1977,2001,Plywood,0,1610,205000
101,60,RL,9206,Inside,1Fam,5,1985,1985,HdBoard,0,741,178000
102,90,RL,7018,Inside,Duplex,5,1979,1979,HdBoard,0,0,118964
103,20,RL,10402,Corner,1Fam,5,2009,2009,VinylSd,0,1226,198900
104,50,RM,7758,Corner,1Fam,4,1931,1950,Stucco,0,1040,169500
105,60,FV,9375,Inside,1Fam,5,2003,2004,VinylSd,0,1053,250000
106,30,RM,10800,Inside,1Fam,7,1885,1995,VinylSd,0,641,100000
107,20,RM,6000,Inside,1Fam,5,1948,1950,VinylSd,169,789,115000
108,50,RM,8500,Corner,1Fam,7,1919,2005,CemntBd,0,793,115000
109,20,RL,11751,Inside,1Fam,6,1977,1977,Plywood,0,1844,190000
110,50,RL,9525,Inside,1Fam,4,1954,1972,Wd Sdng,0,994,136900
111,80,RL,7750,Inside,1Fam,5,2000,2000,VinylSd,0,384,180000
112,60,RL,9965,Inside,1Fam,5,2007,2007,VinylSd,0,1264,383970
113,20,RL,21000,Corner,1Fam,5,1953,1953,Wd Sdng,869,1809,217000
114,70,RL,7259,Inside,1Fam,8,1945,2002,Wd Sdng,150,1028,259500
115,160,FV,3230,Corner,TwnhsE,5,1999,1999,MetalSd,0,729,176000
116,20,RL,11616,Inside,1Fam,5,1962,1962,Wd Sdng,670,1092,139000
117,20,RL,8536,Corner,1Fam,5,2006,2007,VinylSd,0,1125,155000
118,60,RL,12376,Corner,1Fam,5,1990,1990,Plywood,0,1673,320000
119,60,RL,8461,Inside,1Fam,5,2005,2006,VinylSd,0,728,163990
120,80,RL,21453,CulDSac,1Fam,5,1969,1969,Plywood,0,938,180000
121,50,RM,6060,Inside,1Fam,5,1939,1950,AsbShng,0,732,100000
122,20,RL,9464,Corner,1Fam,7,1958,1958,MetalSd,0,1080,136000
123,120,RL,7892,Inside,TwnhsE,5,1993,1993,Plywood,0,1199,153900
124,20,RL,17043,CulDSac,1Fam,5,1979,1998,HdBoard,0,1362,181000
125,190,RM,6780,Inside,2fmCon,8,1935,1982,Wd Sdng,0,520,84500
126,120,RL,4928,Inside,TwnhsE,5,1976,1976,Plywood,0,1078,128000
127,45,RM,4388,Inside,1Fam,7,1930,1950,WdShing,0,672,87000
128,60,RL,7590,Inside,1Fam,5,1966,1966,VinylSd,0,660,155000
129,20,RL,8973,Inside,1Fam,7,1958,1991,Plywood,28,1008,150000
130,60,RL,14200,Corner,1Fam,6,1966,1966,MetalSd,0,924,226000
131,60,RL,12224,Corner,1Fam,5,2000,2000,VinylSd,0,992,244000
132,20,RL,7388,Corner,1Fam,6,1959,2002,MetalSd,0,1063,150750
133,20,RL,6853,Inside,1Fam,5,2001,2002,VinylSd,0,1267,220000
134,20,RL,10335,Inside,1Fam,6,1968,1993,Plywood,0,1461,180000
135,20,RL,10400,Inside,1Fam,6,1970,1970,Plywood,0,1304,174000
136,20,RL,10355,Corner,1Fam,5,1967,1967,MetalSd,0,1214,143000
137,90,RL,11070,Inside,Duplex,5,1988,1989,VinylSd,0,1907,171000
138,60,RL,9066,Inside,1Fam,5,1999,2000,VinylSd,0,1004,230000
139,60,RL,15426,Inside,1Fam,5,1997,1997,VinylSd,0,928,231500
140,20,RL,10500,FR2,1Fam,5,1971,1971,HdBoard,0,864,115000
141,20,RL,11645,Inside,1Fam,5,2005,2005,VinylSd,0,1734,260000
142,50,RL,8520,Corner,1Fam,4,1952,1952,BrkFace,0,910,166000
143,20,RL,10335,Inside,1Fam,5,1999,1999,VinylSd,0,1490,204000
144,90,RM,9100,Inside,Duplex,5,1963,1963,HdBoard,0,1728,125000
145,160,RM,2522,Inside,Twnhs,5,2004,2006,VinylSd,0,970,130000
146,30,RM,6120,Corner,1Fam,7,1931,1993,Wd Sdng,0,715,105000
147,60,RL,9505,CulDSac,1Fam,5,2001,2001,VinylSd,0,884,222500
148,20,RL,7500,Inside,1Fam,5,2004,2005,VinylSd,0,1080,141000
149,50,RM,6240,Inside,1Fam,4,1936,1950,MetalSd,0,896,115000
150,20,RL,10356,Corner,1Fam,6,1975,1975,HdBoard,0,969,122000
151,20,RL,13891,Inside,1Fam,5,2007,2008,VinylSd,0,1710,372402
152,60,RL,14803,CulDSac,1Fam,5,1971,1971,HdBoard,0,825,190000
153,20,RL,13500,Inside,1Fam,7,1960,1975,BrkFace,1080,1602,235000
154,30,RM,11340,Corner,1Fam,5,1923,1950,Wd Sdng,0,1200,125000
155,50,RL,9600,Corner,1Fam,5,1924,1950,Wd Sdng,0,572,79000
156,20,RL,7200,Inside,1Fam,7,1950,1950,Wd Sdng,0,0,109500
157,60,RL,12003,Corner,1Fam,5,2009,2010,VinylSd,0,774,269500
158,60,FV,12552,Corner,1Fam,5,2004,2005,VinylSd,0,991,254900
159,60,RL,19378,Corner,1Fam,5,2005,2006,VinylSd,0,1392,320000
160,20,RL,11120,CulDSac,1Fam,6,1984,1984,Plywood,0,1232,162500
161,60,RL,13688,Inside,1Fam,5,2003,2004,VinylSd,0,1572,412500
162,20,RL,12182,Corner,1Fam,5,2005,2005,VinylSd,0,1541,220000
163,45,RL,5500,Inside,1Fam,6,1956,1956,MetalSd,0,882,103200
164,40,RM,5400,Corner,1Fam,7,1926,2004,MetalSd,0,1149,152000
165,190,RL,10106,Inside,2fmCon,7,1940,1999,Wd Sdng,181,644,127500
166,20,RL,10708,Inside,1Fam,5,1955,1993,Wd Sdng,768,1617,190000
167,60,RL,10562,Inside,1Fam,5,2007,2007,VinylSd,0,1582,325624
168,60,RL,8244,Inside,1Fam,5,2004,2004,VinylSd,0,840,183500
169,20,RL,16669,Corner,1Fam,6,1981,1981,Plywood,0,1686,228000
170,50,RM,12358,Inside,1Fam,6,1941,1950,MetalSd,0,720,128500
171,20,RL,31770,Corner,1Fam,5,1960,1960,BrkFace,0,1080,215000
172,160,RL,5306,Inside,TwnhsE,7,1987,1987,HdBoard,215,1064,239000
173,20,RL,10197,Inside,1Fam,5,1961,1961,WdShing,374,1362,163000
174,20,RL,12416,Inside,1Fam,5,1986,1986,VinylSd,208,1606,184000
175,20,RL,12615,Corner,1Fam,7,1950,2001,WdShing,0,1202,243000
176,60,RL,10029,Corner,1Fam,5,1988,1989,Plywood,0,1151,211000
177,50,RL,13650,Inside,1Fam,5,1958,1958,MetalSd,441,1052,172500
178,20,RL,17423,CulDSac,1Fam,5,2008,2009,VinylSd,0,2216,501837
179,30,RM,8520,Inside,1Fam,6,1923,2006,Wd Sdng,0,968,100000
180,160,FV,2117,Inside,Twnhs,5,2000,2000,MetalSd,0,756,177000
181,70,RL,7588,Inside,1Fam,6,1920,1950,Stucco,0,793,200100
182,20,RL,9060,Inside,1Fam,6,1957,2006,Wd Sdng,0,0,120000
183,50,RM,11426,Inside,1Fam,5,2003,2003,VinylSd,0,1362,200000
184,50,RL,7438,Inside,1Fam,8,1908,1991,AsbShng,0,504,127000
185,75,RM,22950,Inside,1Fam,9,1892,1993,Wd Sdng,0,1107,475000
186,80,RL,9947,CulDSac,1Fam,5,1990,1991,HdBoard,0,1188,173000
187,50,RL,10410,Inside,1Fam,7,1916,1987,HdBoard,0,660,135000
188,90,RL,7018,Inside,Duplex,5,1979,1979,Plywood,0,1086,153337
189,120,RL,4923,Inside,TwnhsE,5,2001,2002,CemntBd,0,1593,286000
190,70,RL,10570,Inside,1Fam,8,1932,1994,BrkFace,0,853,315000
191,60,RL,7472,CulDSac,1Fam,9,1972,2004,HdBoard,0,725,184000
192,20,RL,9017,Inside,1Fam,5,1999,1999,VinylSd,0,1431,192000
193,160,RM,2522,Inside,Twnhs,5,2004,2004,VinylSd,0,970,130000
194,20,RL,7180,Inside,1Fam,7,1972,1972,HdBoard,0,864,127000
195,160,RL,2280,FR2,Twnhs,6,1976,1976,Plywood,0,855,148500
196,20,RL,9416,Inside,1Fam,5,2007,2007,CemntBd,0,1726,311872
197,75,RL,25419,Corner,1Fam,4,1918,1990,Stucco,184,1360,235000
198,75,RM,5520,Corner,1Fam,6,1912,1950,Wd Sdng,0,755,104000
199,20,RL,9591,Inside,1Fam,5,2004,2005,VinylSd,0,1713,274900
200,20,RM,8546,Corner,1Fam,5,2003,2004,VinylSd,0,1121,140000
201,20,RL,10125,Inside,1Fam,6,1977,1977,Plywood,279,1196,171500
202,50,RL,7000,Corner,1Fam,6,1924,1950,MetalSd,0,617,112000
203,120,RM,4438,Inside,TwnhsE,5,2004,2004,VinylSd,0,848,149000
204,50,RM,3500,Inside,1Fam,7,1947,1950,AsbShng,0,720,110000
205,20,RL,11851,Corner,1Fam,5,1990,1990,HdBoard,0,1424,180500
206,20,RL,13673,CulDSac,1Fam,5,1962,1962,HdBoard,0,1140,143900
207,20,RL,12493,Inside,1Fam,5,1960,1960,Wd Sdng,306,1100,141000
208,60,RL,14364,Inside,1Fam,5,1988,1989,Plywood,0,1157,277000
209,20,RL,8250,Inside,1Fam,7,1964,1964,HdBoard,0,1092,145000
210,30,RL,5604,Inside,1Fam,6,1925,1950,Stucco,0,864,98000
211,20,RL,10420,Corner,1Fam,5,2009,2009,VinylSd,0,1212,186000
212,60,FV,8640,Inside,1Fam,5,2009,2009,VinylSd,0,900,252678
213,20,RL,13568,CulDSac,1Fam,5,1995,1995,VinylSd,0,990,156000
214,60,RL,10900,FR2,1Fam,7,1977,1977,HdBoard,0,689,161750
215,20,RL,10011,Inside,1Fam,6,1957,1996,HdBoard,0,1070,134450
216,20,RL,8450,Inside,1Fam,5,2004,2004,VinylSd,0,1436,210000
217,70,RM,9906,Inside,1Fam,4,1925,1950,MetalSd,0,686,107000
218,50,RL,15660,Corner,1Fam,9,1939,2006,VinylSd,0,798,311500
219,120,RL,3010,Inside,TwnhsE,5,2005,2006,VinylSd,0,1248,167240
220,20,RL,8990,Inside,1Fam,5,2006,2006,VinylSd,0,1498,204900
221,60,RL,8068,Inside,1Fam,5,2002,2002,VinylSd,0,1010,200000
222,60,RL,11475,Inside,1Fam,6,1975,1975,VinylSd,0,713,179900
223,20,RL,10500,FR2,1Fam,6,1971,1971,HdBoard,180,864,97000
224,20,RL,13472,Inside,1Fam,5,2003,2003,VinylSd,0,2392,386250
225,160,RM,1680,Inside,Twnhs,5,1971,1971,HdBoard,0,630,112000
226,60,RL,9950,Inside,1Fam,5,1995,1995,VinylSd,0,1203,290000
227,160,RM,1869,Inside,Twnhs,6,1970,1970,HdBoard,0,483,106000
228,20,RL,8521,FR2,1Fam,5,1967,1967,HdBoard,0,912,125000
229,120,RL,3182,Inside,TwnhsE,5,2005,2006,VinylSd,0,1373,192500
230,20,RL,8760,Inside,1Fam,6,1959,1959,MetalSd,0,1194,148000
231,60,RL,15138,Inside,1Fam,5,1995,1996,VinylSd,0,1462,403000
232,160,RM,1680,Inside,Twnhs,5,1972,1972,HdBoard,0,483,94500
233,20,RL,10650,Corner,1Fam,6,1976,1976,HdBoard,712,894,128200
234,60,RL,7851,Inside,1Fam,5,2002,2002,VinylSd,0,860,216500
235,160,RM,1680,Inside,TwnhsE,3,1971,1971,HdBoard,0,483,89500
236,20,RL,8773,FR2,1Fam,5,2004,2004,VinylSd,0,1414,185500
237,60,RL,9453,CulDSac,1Fam,7,1993,2003,HdBoard,0,996,194500
238,20,RL,12030,Inside,1Fam,5,2007,2007,VinylSd,0,1694,318000
239,50,RL,8741,Inside,1Fam,4,1945,1950,VinylSd,0,735,113000
240,20,FV,9000,Inside,1Fam,5,2008,2008,VinylSd,0,1566,262500
241,30,RM,3880,Inside,1Fam,9,1945,1997,VinylSd,0,686,110500
242,50,RM,5000,Corner,1Fam,4,1900,1950,Wd Sdng,0,540,79000
243,160,RL,10762,Corner,TwnhsE,6,1980,1980,Plywood,0,626,120000
244,60,RL,8880,Inside,1Fam,5,1994,2002,VinylSd,0,948,205000
245,20,RL,10400,Inside,1Fam,5,1988,1988,Wd Sdng,0,1845,241500
246,190,RM,9142,Inside,2fmCon,8,1910,1950,AsbShng,0,1020,137000
247,20,RL,11310,Inside,1Fam,5,1954,1954,Wd Sdng,0,1367,140000
248,60,RL,11317,Inside,1Fam,5,2003,2003,VinylSd,0,840,180000
249,50,RL,159000,CulDSac,1Fam,7,1958,2006,Wd Sdng,0,1444,277000
250,30,RL,5350,Inside,1Fam,2,1940,1966,Wd Sdng,0,728,76500
251,120,RM,4750,Inside,TwnhsE,5,2006,2007,VinylSd,0,1573,235000
252,60,RL,8366,Inside,1Fam,5,2004,2004,VinylSd,0,798,173000
253,80,RL,9350,Inside,1Fam,7,1964,1991,HdBoard,580,1302,158000
254,20,RL,8400,Inside,1Fam,6,1957,1957,MetalSd,0,1314,145000
255,60,RL,8738,Inside,1Fam,5,1999,1999,VinylSd,0,975,230000
256,60,FV,8791,Inside,1Fam,5,2003,2003,VinylSd,0,864,207500
257,20,RL,8814,Inside,1Fam,5,2006,2006,VinylSd,0,1604,220000
258,60,RL,12435,Inside,1Fam,5,2001,2001,VinylSd,0,963,231500
259,20,RM,12702,Inside,1Fam,5,1956,1956,BrkFace,0,0,97000
260,80,RL,19296,Corner,1Fam,5,1962,1962,Wd Sdng,690,1362,176000
261,60,RL,9588,Inside,1Fam,5,2007,2007,CemntBd,0,1482,276000
262,80,RL,8471,Corner,1Fam,7,1977,1995,HdBoard,0,506,151000
263,50,RM,5500,Corner,1Fam,7,1929,2001,Wd Sdng,692,926,130000
264,30,RM,5232,Inside,1Fam,5,1925,2004,Wd Sdng,0,680,73000
265,20,RL,12090,Inside,1Fam,6,1981,1981,MetalSd,228,1422,175500
266,60,RL,11207,FR2,1Fam,5,1997,1997,VinylSd,0,802,185000
267,75,RL,8400,Inside,1Fam,8,1939,1997,Wd Sdng,0,720,179500
268,30,RM,6900,Inside,1Fam,6,1940,1955,VinylSd,125,740,120500
269,20,RL,7917,Corner,1Fam,7,1976,1976,HdBoard,0,1143,148000
270,60,FV,10728,Inside,1Fam,5,2006,2006,VinylSd,0,1095,266000
271,20,RL,39104,CulDSac,1Fam,7,1954,2005,Plywood,1063,1385,241500
272,60,RL,11764,CulDSac,1Fam,7,1999,2007,VinylSd,0,1152,290000
273,20,RL,9600,Inside,1Fam,6,1958,1988,Wd Sdng,620,1240,139000
274,20,RL,8314,Corner,1Fam,7,1982,1982,HdBoard,0,816,124500
275,50,RL,7264,Inside,1Fam,7,1925,2007,Wd Sdng,0,952,205000
276,20,RL,9196,Inside,1Fam,5,2003,2003,VinylSd,0,1560,201000
277,20,RL,19138,Corner,1Fam,5,1951,1951,VinylSd,0,864,141000
278,20,RL,14450,Inside,1Fam,5,2006,2007,CemntBd,0,2121,415298
279,60,RL,10005,Inside,1Fam,5,1977,1977,Plywood,0,1160,192000
280,60,RL,11287,Inside,1Fam,6,1989,1989,Plywood,0,807,228500
281,20,FV,7200,Inside,1Fam,5,2006,2006,VinylSd,0,1262,185000
282,120,RL,5063,Inside,Twnhs,5,2007,2008,VinylSd,0,1314,207500
283,20,RL,9612,Inside,1Fam,5,2008,2009,VinylSd,0,1468,244600
284,120,RL,8012,Inside,TwnhsE,5,1992,1992,Plywood,0,1575,179200
285,160,FV,4251,Inside,TwnhsE,5,2006,2007,MetalSd,0,625,164700
286,50,RL,9786,Inside,1Fam,7,1962,1981,Wd Sdng,0,912,159000
287,20,RL,8125,Corner,1Fam,4,1971,1971,HdBoard,0,858,88000
288,20,RL,9819,Inside,1Fam,5,1967,1967,MetalSd,0,882,122000
289,70,RL,8730,Inside,1Fam,7,1915,2003,Wd Sdng,0,698,153575
290,60,RL,15611,Inside,1Fam,5,2006,2006,VinylSd,0,1079,233230
291,190,RL,5687,Inside,2fmCon,6,1912,2000,VinylSd,0,780,135900
292,50,RL,11409,Inside,1Fam,4,1949,2008,Wd Sdng,0,768,131000
293,60,RL,16659,Corner,1Fam,7,1977,1994,Plywood,0,795,235000
294,20,RL,9600,Inside,1Fam,5,1953,1953,HdBoard,0,1416,167000
295,80,RL,7937,CulDSac,1Fam,6,1984,1984,HdBoard,0,1003,142500
296,50,RM,13710,Inside,1Fam,5,1950,1950,Wd Sdng,0,910,152000
297,60,FV,7399,Inside,1Fam,5,1997,1998,VinylSd,0,975,239000
298,60,RL,11700,Inside,1Fam,6,1968,1968,HdBoard,175,702,175000
299,20,RL,14000,Inside,1Fam,8,1950,2004,HdBoard,0,1092,158500
300,190,RL,15750,Corner,2fmCon,5,1953,1953,MetalSd,0,1165,157000
301,60,RL,16226,Inside,1Fam,5,1998,1999,VinylSd,0,1028,267000
302,20,RL,13704,Corner,1Fam,5,2001,2002,VinylSd,0,1541,205000
303,20,RL,9800,Corner,1Fam,7,1972,1972,VinylSd,0,894,149900
304,75,RM,18386,Inside,1Fam,9,1880,2002,CemntBd,0,1470,295000
305,20,RL,10386,Inside,1Fam,5,2004,2005,CemntBd,0,2000,305900
306,60,RL,13474,Inside,1Fam,5,1990,1991,HdBoard,0,700,225000
307,50,RM,7920,Inside,1Fam,7,1920,1950,MetalSd,0,319,89500
308,30,RL,12342,Inside,1Fam,5,1940,1950,VinylSd,0,861,82500
309,20,RL,12378,Inside,1Fam,5,2003,2004,VinylSd,0,1896,360000
310,60,RL,7685,Inside,1Fam,5,1993,1994,HdBoard,0,697,165600
311,20,RL,8000,Inside,1Fam,6,1948,2002,VinylSd,0,972,132000
312,190,RM,7800,Inside,2fmCon,7,1939,1950,MetalSd,0,793,119900
313,20,RL,215245,Inside,1Fam,5,1965,1965,BrkFace,820,2136,375000
314,70,RM,9600,Inside,1Fam,7,1925,1990,Wd Sdng,0,728,178000
315,60,RL,7795,Inside,1Fam,5,2004,2005,VinylSd,0,716,188500
316,60,RL,13005,Corner,1Fam,7,1980,1980,CemntBd,0,845,260000
317,60,FV,9000,Inside,1Fam,5,2006,2006,VinylSd,0,1088,270000
318,60,RL,9900,Inside,1Fam,5,1993,1993,HdBoard,0,1347,260000
319,80,RL,14115,Inside,1Fam,5,1980,1980,Plywood,0,1372,187500
320,60,RL,16259,Corner,1Fam,5,2006,2006,VinylSd,0,1249,342643
321,60,RL,12099,Inside,1Fam,5,2004,2004,VinylSd,0,1136,354000
322,60,RL,10380,Inside,1Fam,5,1986,1987,Plywood,1474,1502,301000
323,20,RM,5820,Inside,1Fam,8,1955,2005,VinylSd,0,1162,126175
324,80,RL,11275,Corner,1Fam,7,1967,2007,Wd Sdng,0,710,242000
325,45,RM,5000,Inside,1Fam,6,1941,1950,MetalSd,0,720,87000
326,120,RL,10846,CulDSac,TwnhsE,5,1993,1993,BrkFace,0,1719,324000
327,20,RL,11600,Inside,1Fam,5,1960,1960,Wd Sdng,0,1383,145250
328,75,RL,11888,Inside,1Fam,6,1916,1994,Wd Sdng,0,844,214500
329,70,RM,6402,Corner,1Fam,5,1920,1950,Wd Sdng,0,596,78000
330,90,RL,10624,Inside,Duplex,4,1964,1964,HdBoard,264,1728,119000
331,20,RL,8176,Inside,1Fam,6,1958,1992,Wd Sdng,0,1056,139000
332,20,RL,10655,Inside,1Fam,5,2003,2004,VinylSd,479,3206,284000
333,120,RM,8198,FR3,TwnhsE,5,2004,2004,VinylSd,0,1358,207000
334,60,RL,9042,Inside,1Fam,5,1998,1998,VinylSd,0,943,192000
335,190,RL,164660,Corner,2fmCon,6,1965,1965,Plywood,147,1499,228950
336,20,RL,14157,Corner,1Fam,5,2005,2006,VinylSd,0,1922,377426
337,20,RL,9135,Inside,1Fam,5,2002,2003,VinylSd,0,1536,214000
338,20,RL,14145,Corner,1Fam,7,1984,1998,Wd Sdng,0,1208,202500
339,20,RL,12400,Inside,1Fam,7,1958,1998,Wd Sdng,0,1215,155000
340,60,RL,14191,Inside,1Fam,5,2002,2002,VinylSd,0,967,202900
341,20,RH,8400,Inside,1Fam,4,1950,1950,Wd Sdng,0,721,82000
342,90,RL,8544,Inside,Duplex,4,1949,1950,Stucco,0,0,87500
343,120,RL,8849,Inside,TwnhsE,5,2005,2005,MetalSd,0,1684,266000
344,160,RM,2592,Inside,TwnhsE,3,1976,1976,CemntBd,232,536,85000
345,50,RL,6435,Inside,1Fam,5,1939,1950,MetalSd,0,972,140200
346,20,RL,12772,CulDSac,1Fam,8,1960,1998,MetalSd,0,958,151500
347,20,RL,17600,Inside,1Fam,5,1960,1960,Wd Sdng,0,1478,157500
348,160,RL,2448,Inside,Twnhs,5,2003,2004,VinylSd,0,764,154000
349,60,RL,20431,Inside,1Fam,5,2005,2006,CemntBd,0,1848,437154
350,120,RL,7820,Inside,TwnhsE,5,2007,2007,MetalSd,0,1869,318061
351,120,RL,5271,Inside,1Fam,5,1986,1986,Wd Sdng,0,1453,190000
352,50,RL,9084,Inside,1Fam,6,1941,1950,VinylSd,380,616,95000
353,30,RM,8520,Inside,1Fam,8,1928,2003,VinylSd,0,624,105900
354,50,RL,8400,Inside,1Fam,5,1940,2000,Wd Sdng,0,940,140000
355,20,RL,11249,Inside,1Fam,5,1995,1995,VinylSd,544,1200,177500
356,20,RL,9248,Inside,1Fam,6,1992,1992,HdBoard,0,1158,173000
357,120,RM,4224,Inside,TwnhsE,5,1976,1976,CemntBd,0,1142,134000
358,80,RL,6930,Inside,1Fam,4,1958,1958,Wd Sdng,294,1062,130000
359,60,RL,12011,CulDSac,1Fam,5,1998,1998,VinylSd,0,1086,280000
360,85,RL,7540,CulDSac,1Fam,6,1978,1978,VinylSd,0,888,156000
361,50,RL,9144,Inside,1Fam,5,1940,1982,MetalSd,0,883,145000
362,85,RL,7301,Corner,1Fam,5,2003,2003,HdBoard,0,0,198500
363,160,RM,1680,Inside,Twnhs,8,1972,2007,HdBoard,0,483,118000
364,60,RL,18800,FR2,1Fam,5,1976,1976,HdBoard,0,796,190000
365,70,RM,10690,Inside,1Fam,7,1920,1997,VinylSd,0,672,147000
366,20,RL,9500,Inside,1Fam,5,1963,1963,Plywood,0,1394,159000
367,80,RL,9150,Corner,1Fam,5,1962,1962,Plywood,0,1099,165000
368,20,RL,7800,Inside,1Fam,6,1954,1954,HdBoard,0,1268,132000
369,20,RL,9830,Corner,1Fam,7,1959,2006,Wd Sdng,258,1063,162000
370,60,RL,8121,Inside,1Fam,5,2000,2000,VinylSd,0,953,172400
371,50,RL,17120,Inside,1Fam,4,1959,1959,WdShing,0,0,134432
372,120,RL,7175,Inside,TwnhsE,5,1984,1984,Plywood,121,744,125000
373,20,RL,10634,Inside,1Fam,6,1953,1953,MetalSd,180,608,123000
374,60,RL,8200,Inside,1Fam,5,2003,2004,VinylSd,0,847,219500
375,30,RL,10020,Inside,1Fam,1,1922,1950,Wd Sdng,0,683,61000
376,85,RL,8846,CulDSac,1Fam,5,1996,1996,VinylSd,0,870,148000
377,60,FV,11143,Corner,1Fam,5,2004,2005,CemntBd,0,1580,340000
378,20,RL,11394,Corner,1Fam,2,2010,2010,VinylSd,0,1856,394432
379,60,RL,8123,Inside,1Fam,5,2000,2000,VinylSd,0,982,179000
380,50,RL,5000,Inside,1Fam,6,1924,1950,BrkFace,0,1026,127000
381,20,FV,7200,Inside,1Fam,5,2006,2006,VinylSd,0,1293,187750
382,60,RL,9245,Inside,1Fam,5,2006,2006,VinylSd,0,939,213500
383,45,RH,9000,Corner,1Fam,3,1928,1950,Wd Sdng,0,784,76000
384,60,RL,53107,Corner,1Fam,5,1992,1992,HdBoard,0,1580,240000
385,120,RL,3182,Inside,TwnhsE,5,2004,2005,VinylSd,0,1256,192000
386,50,RL,8410,FR2,1Fam,3,1910,1996,Wd Sdng,0,658,81000
387,80,RL,7200,Inside,1Fam,6,1976,1976,MetalSd,0,1041,125000
388,20,RL,9382,CulDSac,1Fam,5,1999,2000,VinylSd,0,1468,191000
389,60,RL,12474,Inside,1Fam,5,2007,2008,VinylSd,0,1682,426000
390,50,RL,8405,Inside,1Fam,8,1900,1950,MetalSd,391,861,119000
391,60,RL,12209,CulDSac,1Fam,5,2001,2002,VinylSd,0,804,215000
392,20,RL,8339,Inside,1Fam,7,1959,1959,MetalSd,0,0,106500
393,30,RL,7446,Corner,1Fam,5,1941,1950,WdShing,0,788,100000
394,50,RL,10134,Inside,1Fam,6,1940,1950,MetalSd,0,735,109000
395,20,RL,9571,Inside,1Fam,6,1956,1956,Wd Sdng,0,1144,129000
396,20,RL,7200,Inside,1Fam,5,1972,1972,MetalSd,0,894,123000
397,60,RL,7590,Inside,1Fam,5,1962,1962,VinylSd,0,864,169500
398,30,RM,8967,Corner,1Fam,2,1920,1950,MetalSd,0,961,67000
399,60,FV,8125,Inside,1Fam,5,2006,2007,CemntBd,0,1092,241000
400,120,RL,14963,Inside,TwnhsE,5,1996,1996,BrkFace,0,1260,245500
401,20,RL,8767,Inside,1Fam,5,2005,2005,VinylSd,0,1310,164990
402,30,RL,10200,Inside,1Fam,8,1940,1997,Wd Sdng,0,672,108000
403,60,RL,12090,Corner,1Fam,5,1998,1998,VinylSd,0,1141,258000
404,60,RL,10364,Inside,1Fam,5,1995,1996,MetalSd,0,806,168000
405,20,RL,9991,Corner,1Fam,4,1976,1993,Plywood,0,1281,150000
406,50,RL,10480,Inside,1Fam,5,1936,1950,MetalSd,0,1064,115000
407,70,RL,15576,Inside,1Fam,7,1915,1976,Wd Sdng,0,840,177000
408,60,RL,14154,Corner,1Fam,5,2006,2006,VinylSd,0,1063,280000
409,60,FV,10800,Inside,1Fam,5,2007,2008,VinylSd,0,1034,339750
410,20,RL,9571,Inside,1Fam,3,1958,1958,BrkComm,0,1276,60000
411,190,RL,34650,Inside,2fmCon,5,1955,1955,Wd Sdng,0,1056,145000
412,20,FV,4403,Inside,1Fam,5,2009,2009,MetalSd,0,1470,222000
413,30,RM,8960,Inside,1Fam,6,1927,1950,WdShing,0,1008,115000
414,60,RL,11228,CulDSac,1Fam,5,1993,1993,VinylSd,531,1080,228000
415,20,RL,8899,Inside,1Fam,5,2007,2007,VinylSd,0,1340,181134
416,60,RL,7844,Inside,1Fam,7,1978,1978,HdBoard,0,672,149500
417,70,RL,22420,Inside,1Fam,6,1918,1950,Wd Sdng,0,1370,239000
418,50,RL,8160,Inside,1Fam,6,1940,1950,MetalSd,0,756,126000
419,20,RL,8450,Inside,1Fam,6,1968,1968,VinylSd,0,1056,142000
420,90,RM,7060,Inside,Duplex,5,1997,1998,VinylSd,0,1344,206300
421,20,RL,16635,FR2,1Fam,7,1977,2000,CemntBd,0,1602,215000
422,20,RL,21750,Inside,1Fam,5,1954,1954,HdBoard,0,988,113000
423,60,RL,9200,Inside,1Fam,5,1998,1998,VinylSd,0,1470,315000
424,20,RL,9000,Inside,1Fam,5,1956,1956,Wd Sdng,0,1196,139000
425,60,RM,3378,Inside,1Fam,8,1946,1992,HdBoard,0,651,135000
426,80,RL,12800,Inside,1Fam,5,1989,1989,Wd Sdng,0,1518,275000
427,20,RL,8593,Inside,1Fam,6,1957,1957,MetalSd,0,907,109008
428,20,RL,6762,Inside,1Fam,5,2007,2007,VinylSd,0,1208,195400
429,20,RL,11457,Corner,1Fam,5,1988,1988,HdBoard,0,1392,175000
430,160,RM,1680,Inside,Twnhs,5,1971,1971,HdBoard,0,483,85400
431,50,RM,5586,Inside,1Fam,7,1920,1998,MetalSd,0,901,79900
432,160,RM,1920,Inside,TwnhsE,5,1971,1971,HdBoard,0,765,122500
433,60,RL,10839,Corner,1Fam,5,1997,1998,VinylSd,0,926,181000
434,180,RM,1890,Inside,Twnhs,7,1972,1972,CemntBd,0,630,81000
435,60,RL,10667,CulDSac,1Fam,6,1996,1996,VinylSd,344,799,212000
436,50,RM,4400,Inside,1Fam,8,1920,1950,Stucco,0,648,116000
437,45,RM,6000,Inside,1Fam,7,1926,2004,Wd Sdng,0,884,119000
438,30,RL,4280,Inside,1Fam,6,1913,2002,WdShing,0,440,90350
439,50,RL,12354,Corner,1Fam,8,1920,2000,Wd Sdng,0,684,110000
440,20,RL,15431,Inside,1Fam,5,2008,2008,VinylSd,539,3094,555000
441,90,RL,12108,Inside,Duplex,4,1955,1955,VinylSd,0,1440,118000
442,50,RM,6240,Inside,1Fam,7,1930,1992,MetalSd,0,1078,162900
443,120,RL,3922,Inside,TwnhsE,5,2006,2007,WdShing,0,1258,172500
444,60,RL,8750,Inside,1Fam,5,1994,1995,VinylSd,0,915,210000
445,20,RL,9855,Corner,1Fam,5,1956,1956,Wd Sdng,0,1436,127500
446,20,RL,16492,Corner,1Fam,6,1966,2002,BrkFace,713,1517,190000
447,60,RL,11214,Corner,1Fam,5,1998,1999,VinylSd,0,930,199900
448,50,RM,8600,Inside,1Fam,6,1937,1950,MetalSd,0,780,119500
449,50,RM,6000,Inside,1Fam,7,1948,2002,MetalSd,0,649,120000
450,30,RM,5684,Inside,1Fam,8,1930,2005,Wd Sdng,0,813,110000
451,20,RL,70761,Inside,1Fam,5,1975,1975,Plywood,0,1533,280000
452,60,RL,9303,Corner,1Fam,5,1996,1997,VinylSd,0,872,204000
453,60,FV,9000,Inside,1Fam,5,2008,2008,VinylSd,0,768,210000
454,90,RL,9297,Inside,Duplex,5,1976,1976,Plywood,0,1728,188000
455,20,RL,9600,Inside,1Fam,6,1973,1973,HdBoard,0,1242,175500
456,70,RM,4571,Inside,1Fam,5,1916,1950,AsbShng,0,624,98000
457,20,RL,53227,CulDSac,1Fam,6,1954,1994,Plywood,0,1364,256000
458,70,RM,5100,Inside,1Fam,7,1925,1996,Stucco,0,588,161000
459,50,RL,7015,Corner,1Fam,4,1950,1950,MetalSd,0,709,110000
460,60,FV,8004,Inside,1Fam,5,2009,2009,VinylSd,0,832,263435
461,70,RL,7200,Inside,1Fam,9,1936,2007,Wd Sdng,210,560,155000
462,20,RL,8281,Inside,1Fam,5,1965,1965,MetalSd,311,864,62383
463,70,RL,11988,Inside,1Fam,7,1934,1995,Stucco,0,715,188700
464,20,RL,8430,Inside,1Fam,5,1978,1978,HdBoard,0,1040,124000
465,120,RM,3072,Inside,TwnhsE,5,2004,2004,VinylSd,0,1375,178740
466,20,RL,10628,Inside,1Fam,5,1970,1970,Plywood,0,1277,167000
467,70,RL,9480,Inside,1Fam,7,1942,1995,MetalSd,0,728,146500
468,20,RL,11428,Inside,1Fam,5,2006,2006,VinylSd,0,1626,250000
469,60,RL,9291,Corner,1Fam,5,1993,1993,HdBoard,0,832,187000
470,120,RL,6820,Corner,TwnhsE,5,1985,1985,HdBoard,1120,1488,212000
471,60,RL,11952,Inside,1Fam,6,1977,1977,WdShing,0,808,190000
472,180,RM,3675,Inside,TwnhsE,5,2005,2005,VinylSd,0,547,148000
473,20,RL,14977,Inside,1Fam,5,2006,2007,VinylSd,0,1976,440000
474,120,RL,5330,Inside,TwnhsE,5,2000,2000,CemntBd,0,1494,251000
475,20,RL,8480,Corner,1Fam,6,1963,1963,HdBoard,0,970,132500
476,20,RL,13125,Inside,1Fam,5,1997,1998,VinylSd,0,1478,208900
477,60,RL,13693,Inside,1Fam,5,2006,2006,VinylSd,0,2153,380000
478,20,RL,10637,Inside,1Fam,5,2007,2008,VinylSd,0,1705,297000
479,30,RM,5925,Inside,1Fam,7,1937,2000,Stucco,0,907,89471
480,20,RL,16033,FR2,1Fam,5,2004,2005,VinylSd,0,1833,326000
481,20,RL,11846,Inside,1Fam,5,2003,2004,VinylSd,0,1792,374000
482,70,RM,2500,Corner,1Fam,8,1915,2005,Stucco,0,910,155000
483,120,RM,4500,FR2,Twnhs,5,1998,1998,VinylSd,0,1216,164000
484,20,RL,7758,Corner,1Fam,7,1962,2001,HdBoard,0,999,132500
485,20,RL,9600,Inside,1Fam,7,1950,2007,MetalSd,0,1113,147000
486,20,RL,10289,Inside,1Fam,7,1965,1965,MetalSd,0,1073,156000
487,20,RL,12243,Inside,1Fam,6,1971,1971,Plywood,0,1484,175000
488,190,RL,10800,Corner,2fmCon,4,1900,1970,Wd Sdng,0,954,160000
489,180,RM,1526,Inside,Twnhs,8,1970,2002,CemntBd,0,630,86000
490,160,RM,2665,Inside,TwnhsE,6,1976,1976,CemntBd,0,264,115000
491,50,RL,9490,Inside,1Fam,7,1941,1950,Wd Sdng,165,806,133000
492,60,RL,15578,Corner,1Fam,5,2006,2006,VinylSd,0,728,172785
493,20,RL,7931,Inside,1Fam,6,1960,1960,BrkFace,532,1269,155000
494,30,RM,5784,Inside,1Fam,8,1938,1996,MetalSd,0,190,91300
495,30,C (all),7879,Inside,1Fam,5,1920,1950,Wd Sdng,0,720,34900
496,20,RL,12692,Inside,1Fam,5,1992,1993,BrkFace,0,3200,430000
497,50,RL,9120,Inside,1Fam,6,1925,1950,Wd Sdng,0,1026,184000
498,20,RL,7800,Inside,1Fam,7,1967,2004,HdBoard,0,864,130000
499,20,RL,7535,Inside,1Fam,7,1958,1985,MetalSd,279,912,120000
500,160,RM,1890,Inside,Twnhs,5,1973,1973,HdBoard,0,672,113000
501,60,FV,9803,Inside,1Fam,5,2005,2005,VinylSd,0,866,226700
502,20,RL,9170,Corner,1Fam,7,1965,1965,MetalSd,96,1214,140000
503,20,RL,15602,Inside,1Fam,8,1959,1997,BrkFace,0,1501,289000
504,160,RL,2308,Inside,TwnhsE,5,1974,1974,Plywood,495,855,147000
505,90,RM,7596,Inside,Duplex,5,1952,1952,Wd Sdng,0,960,124500
506,60,RL,9554,Inside,1Fam,5,1993,1994,VinylSd,0,777,215000
507,20,FV,7862,Inside,1Fam,5,2009,2009,VinylSd,0,1218,208300
508,70,RM,9600,Inside,1Fam,9,1928,2005,MetalSd,0,689,161000
509,20,RL,9600,Corner,1Fam,6,1959,1959,MetalSd,0,1041,124500
510,20,RL,14559,Inside,1Fam,7,1951,2000,Wd Sdng,180,1008,164900
511,120,RL,6792,Inside,TwnhsE,5,2005,2006,VinylSd,0,1368,202665
512,20,RL,9100,Corner,1Fam,5,1958,1958,VinylSd,174,864,129900
513,20,RL,9187,Corner,1Fam,5,1983,1983,VinylSd,0,1084,134000
514,45,RL,10594,Inside,1Fam,5,1926,1950,Wd Sdng,0,768,96500
515,20,RL,12220,Inside,1Fam,5,2009,2009,CemntBd,0,2006,402861
516,80,RL,10448,Corner,1Fam,6,1972,1972,HdBoard,0,689,158000
517,60,RL,10208,Inside,1Fam,5,1996,1997,VinylSd,0,1264,265000
518,60,RL,9531,CulDSac,1Fam,5,1998,1998,VinylSd,0,794,211000
519,70,RL,10918,Inside,1Fam,9,1926,2004,MetalSd,0,1276,234000
520,190,RL,10800,Inside,2fmCon,7,1900,2000,MetalSd,0,0,106250
521,20,RL,11988,Corner,1Fam,6,1957,1957,VinylSd,0,1244,150000
522,50,RM,5000,Corner,1Fam,7,1947,1950,CemntBd,0,1004,159000
523,60,RL,40094,Inside,1Fam,5,2007,2008,CemntBd,0,3138,184750
524,60,RL,11787,Inside,1Fam,5,1996,1997,VinylSd,0,1379,315750
525,20,FV,7500,Inside,1Fam,5,2005,2005,VinylSd,0,1257,176000
526,20,RL,13300,Inside,1Fam,7,1956,2000,Wd Sdng,0,928,132000
527,60,RL,14948,Inside,1Fam,5,2008,2008,VinylSd,0,1452,446261
528,30,RL,9098,Inside,1Fam,7,1920,2002,Wd Sdng,0,528,86000
529,20,RL,32668,CulDSac,1Fam,3,1957,1975,Wd Sdng,0,2035,200624
530,80,RL,10200,Inside,1Fam,5,1988,1989,HdBoard,0,1461,175000
531,70,RM,6155,FR3,1Fam,8,1920,1999,Wd Sdng,0,611,128000
532,20,RL,7200,Inside,1Fam,7,1955,2007,VinylSd,0,0,107500
533,20,RL,5000,Inside,1Fam,3,1946,1950,VinylSd,0,0,39300
534,60,RL,9056,Inside,1Fam,5,2004,2004,VinylSd,0,707,178000
535,190,RL,7000,Inside,2fmCon,7,1910,1991,MetalSd,0,1117,107500
536,60,RL,8924,CulDSac,1Fam,5,1998,1999,VinylSd,0,880,188000
537,20,RL,12735,FR2,1Fam,5,1972,1972,MetalSd,0,864,111250
538,20,RL,11553,Inside,1Fam,5,1968,1968,Plywood,0,1051,158000
539,20,RL,11423,Inside,1Fam,5,2001,2002,VinylSd,0,1581,272000
540,20,RL,14601,Inside,1Fam,5,2006,2006,VinylSd,0,1838,315000
541,60,RL,11000,FR2,1Fam,5,2000,2000,VinylSd,0,969,248000
542,20,RL,10140,Inside,1Fam,5,1998,1999,VinylSd,1127,1650,213250
543,120,RH,4058,Inside,TwnhsE,5,1998,1998,MetalSd,139,723,133000
544,60,RL,17104,Inside,1Fam,5,2006,2006,VinylSd,0,654,179665
545,50,RL,13837,Corner,1Fam,5,1988,1988,HdBoard,202,1204,229000
546,50,RL,8737,Inside,1Fam,7,1923,1950,BrkFace,0,1065,210000
547,85,RL,7244,Inside,1Fam,7,1970,1970,VinylSd,0,768,129500
548,20,RM,8235,Inside,1Fam,7,1955,1995,MetalSd,645,825,125000
549,60,FV,9375,Inside,1Fam,5,2003,2004,VinylSd,0,912,263000
550,120,RL,4043,Inside,TwnhsE,6,1977,1977,Plywood,0,1069,140000
551,20,RM,6000,Inside,1Fam,6,1957,1957,BrkFace,0,928,112500
552,20,RL,11146,Inside,1Fam,5,2006,2006,VinylSd,0,1709,255500
553,20,RL,8777,Inside,1Fam,5,1949,2003,VinylSd,0,0,108000
554,60,RL,10625,Inside,1Fam,5,2003,2004,VinylSd,0,998,284000
555,45,RM,6380,Inside,1Fam,6,1922,1950,MetalSd,0,993,113000
556,20,RL,14850,Inside,1Fam,5,1957,1957,Wd Sdng,0,1092,141000
557,50,C (all),11040,Inside,1Fam,6,1920,1950,MetalSd,0,637,108000
558,60,RL,21872,FR2,1Fam,5,1996,1997,HdBoard,0,729,175000
559,120,RL,3196,Inside,TwnhsE,5,2003,2004,VinylSd,0,1374,234000
560,20,RL,11341,Inside,1Fam,6,1957,1996,Wd Sdng,0,1392,121500
561,20,RL,10010,Inside,1Fam,5,1974,1975,HdBoard,123,1389,170000
562,30,RL,13907,Inside,1Fam,6,1940,1969,WdShing,0,996,108000
563,50,RL,21780,Inside,1Fam,7,1918,1950,Wd Sdng,0,1163,185000
564,60,RL,13346,CulDSac,1Fam,5,1992,2000,HdBoard,0,1095,268000
565,70,RL,6858,Corner,1Fam,4,1915,1950,Wd Sdng,0,806,128000
566,60,RL,11198,Inside,1Fam,5,2005,2007,VinylSd,0,1122,325000
567,20,RL,10171,Inside,1Fam,5,2004,2004,VinylSd,0,1517,214000
568,50,RL,12327,Inside,1Fam,8,1983,2009,Wd Sdng,0,1496,316600
569,90,RL,7032,Corner,Duplex,5,1979,1979,MetalSd,0,943,135960
570,90,RL,13101,Inside,Duplex,5,1965,1965,HdBoard,0,1728,142600
571,20,RL,7332,Inside,1Fam,6,1959,1959,WdShing,0,864,120000
572,60,RL,13159,Corner,1Fam,5,2009,2009,VinylSd,0,846,224500
573,80,RL,9967,Inside,1Fam,5,2000,2000,VinylSd,0,384,170000
574,80,RL,10500,FR2,1Fam,7,1971,2005,MetalSd,0,372,139000
575,50,RL,8480,Inside,1Fam,5,1947,1950,MetalSd,0,832,118500
576,50,RL,6292,Inside,1Fam,7,1928,1950,Wd Sdng,0,861,145000
577,80,RL,11777,Inside,1Fam,6,1966,1966,VinylSd,551,1164,164500
578,160,FV,3604,Corner,TwnhsE,5,2007,2007,VinylSd,0,689,146000
579,50,RM,12150,Inside,1Fam,5,1954,1954,MetalSd,0,1050,131500
580,20,RL,14585,CulDSac,1Fam,6,1960,1987,Wd Sdng,219,1144,181900
581,20,RL,12704,Inside,1Fam,5,2008,2009,VinylSd,0,2042,253293
582,90,RL,11841,Inside,Duplex,5,1990,1990,HdBoard,0,816,118500
583,75,RM,13500,Inside,1Fam,9,1893,2000,Wd Sdng,0,1237,325000
584,50,RM,6120,Inside,1Fam,7,1935,1995,AsbShng,0,884,133000
585,20,RL,11443,Inside,1Fam,5,2005,2006,VinylSd,0,1868,369900
586,30,RL,10267,Inside,1Fam,7,1918,2000,Stucco,606,816,130000
587,85,RL,8740,Inside,1Fam,6,1982,1982,HdBoard,0,840,137000
588,20,RL,25095,Inside,1Fam,8,1968,2003,Wd Sdng,0,1437,143000
589,40,RM,9100,Inside,1Fam,6,1930,1960,VinylSd,0,742,79500
590,60,RL,8320,Inside,1Fam,5,2004,2004,VinylSd,0,770,185900
591,60,RL,13478,Corner,1Fam,5,2008,2008,CemntBd,0,1722,451950
592,20,RL,6600,Inside,1Fam,8,1982,2003,HdBoard,0,816,138000
593,120,RM,4435,Inside,TwnhsE,5,2003,2003,VinylSd,0,848,140000
594,20,RL,7990,Inside,1Fam,6,1975,1975,HdBoard,0,924,110000
595,20,RL,11302,Inside,1Fam,5,2005,2006,VinylSd,0,1814,319000
596,70,RM,3600,Inside,1Fam,7,1910,1993,VinylSd,0,684,114504
597,120,RL,3922,Inside,TwnhsE,5,2006,2007,VinylSd,0,1258,194201
598,20,RL,12984,Inside,1Fam,6,1977,1977,Plywood,147,1430,217500
599,160,RM,1950,Inside,Twnhs,6,1980,1980,MetalSd,612,716,151000
600,60,RL,10927,Inside,1Fam,5,2005,2005,VinylSd,0,1058,275000
601,50,RM,9000,Inside,1Fam,6,1937,1950,Wd Sdng,0,780,141000
602,60,RL,10041,Inside,1Fam,5,1992,1992,HdBoard,0,908,220000
603,160,FV,3182,Inside,TwnhsE,5,2004,2005,MetalSd,0,600,151000
604,20,RL,12803,Inside,1Fam,5,2002,2002,VinylSd,0,1494,221000
605,60,RL,13600,Inside,1Fam,6,1965,1990,HdBoard,0,768,205000
606,20,RL,12464,Corner,1Fam,5,1996,1996,VinylSd,0,1040,152000
607,20,RL,7800,Inside,1Fam,8,1948,2002,MetalSd,0,896,225000
608,70,RL,12168,Inside,1Fam,6,1934,1998,BrkFace,0,965,359100
609,20,RL,7943,Inside,1Fam,5,1961,1961,VinylSd,0,1029,118500
610,60,RL,11050,Inside,1Fam,5,2000,2000,VinylSd,0,1440,313000
611,80,RL,10395,FR2,1Fam,6,1978,1978,HdBoard,0,1032,148000
612,60,RL,11885,Inside,1Fam,5,2001,2001,VinylSd,0,1299,261500
613,20,RL,8402,Inside,1Fam,5,2007,2007,VinylSd,0,1120,147000
614,180,RM,1491,Inside,TwnhsE,6,1972,1972,CemntBd,480,630,75500
615,85,RL,8800,Inside,1Fam,7,1963,1963,MetalSd,0,936,137500
616,60,RL,7861,Inside,1Fam,5,2002,2003,VinylSd,0,783,183200
617,45,RL,7227,Corner,1Fam,6,1954,1954,MetalSd,0,832,105500
618,20,RL,11694,Inside,1Fam,5,2007,2007,CemntBd,0,1822,314813
619,60,RL,12244,Inside,1Fam,5,2003,2003,VinylSd,0,1482,305000
620,30,RL,8248,Inside,1Fam,3,1914,1950,Stucco,0,864,67000
621,60,RL,10800,Inside,1Fam,7,1974,1997,HdBoard,182,1522,240000
622,20,RL,7064,Inside,1Fam,6,1977,1977,Plywood,0,980,135000
623,160,FV,2117,Inside,TwnhsE,5,2000,2000,MetalSd,0,756,168500
624,60,RL,10400,Inside,1Fam,5,1972,1972,VinylSd,0,732,165150
625,20,RL,10000,Corner,1Fam,6,1962,1962,Wd Sdng,0,1116,160000
626,20,RL,12342,Inside,1Fam,5,1960,1978,Wd Sdng,0,978,139900
627,80,RL,9600,Inside,1Fam,6,1955,1972,AsbShng,132,1156,153000
628,60,RL,11606,Inside,1Fam,5,1969,1969,Plywood,0,1040,135000
629,80,RL,9020,Corner,1Fam,5,1964,1964,Plywood,336,1248,168500
630,70,RM,9000,Corner,1Fam,6,1880,1991,VinylSd,0,636,124000
631,120,RL,4590,Inside,Twnhs,5,2006,2006,VinylSd,0,1554,209500
632,20,RL,11900,Inside,1Fam,5,1977,1977,Plywood,0,1386,82500
633,20,RL,9250,Corner,1Fam,7,1954,2005,Wd Sdng,468,1056,139400
634,90,RL,6979,Inside,Duplex,5,1980,1980,Plywood,0,1056,144000
635,190,RH,10896,Inside,2fmCon,7,1914,1995,VinylSd,0,1440,200000
636,30,RM,6120,Inside,1Fam,3,1936,1950,AsbShng,0,264,60000
637,190,RM,6000,Inside,2fmCon,4,1954,1954,Wd Sdng,0,811,93000
638,30,RL,8777,Inside,1Fam,7,1910,1950,MetalSd,0,796,85000
639,120,RL,3982,Inside,TwnhsE,5,2006,2006,VinylSd,0,1520,264561
640,120,RL,12677,Inside,TwnhsE,5,2003,2004,MetalSd,0,1518,274000
641,60,FV,7050,Inside,1Fam,5,2001,2001,VinylSd,0,1057,226000
642,80,RL,13860,Inside,1Fam,7,1972,1995,Plywood,0,1952,345000
643,60,RL,10793,Inside,1Fam,5,1969,1969,WdShing,287,780,152000
644,20,FV,9187,Inside,1Fam,5,2009,2009,CemntBd,0,1766,370878
645,20,RL,10530,Corner,1Fam,5,1971,1971,Plywood,35,981,143250
646,20,RL,7200,Inside,1Fam,5,1950,1950,MetalSd,0,0,98300
647,20,RL,10452,Inside,1Fam,5,1953,1953,Wd Sdng,0,1094,155000
648,60,RL,7700,Inside,1Fam,5,1966,1966,MetalSd,0,756,155000
649,180,RM,1936,Inside,Twnhs,6,1970,1970,CemntBd,499,630,84500
650,60,FV,8125,Inside,1Fam,6,2007,2007,CemntBd,0,813,205950
651,70,RL,9084,Inside,1Fam,5,1940,1950,MetalSd,0,755,108000
652,60,RL,8750,Inside,1Fam,5,1996,1996,VinylSd,0,880,191000
653,50,RM,10320,Inside,1Fam,7,1906,1995,MetalSd,0,756,135000
654,20,RL,10437,Inside,1Fam,6,1995,1995,MetalSd,0,2109,350000
655,160,RM,1680,Inside,Twnhs,5,1971,1971,HdBoard,0,525,88000
656,20,RL,10007,Inside,1Fam,7,1959,2006,HdBoard,0,1053,145500
657,70,RL,7200,Inside,1Fam,6,1931,2000,Stucco,0,776,149000
658,50,RL,17503,Inside,1Fam,5,1948,1950,VinylSd,0,912,97500
659,20,RL,9937,Corner,1Fam,7,1964,1999,MetalSd,0,1486,167000
660,60,RL,12384,CulDSac,1Fam,7,1976,1976,Plywood,0,793,197900
661,60,RL,46589,CulDSac,1Fam,7,1994,2005,VinylSd,180,1629,402000
662,20,RL,13560,Corner,1Fam,3,1968,1968,Wd Sdng,0,1392,110000
663,85,RL,10012,Inside,1Fam,5,1972,1972,Plywood,180,1138,137500
664,20,RL,20896,CulDSac,1Fam,5,2005,2006,VinylSd,0,2077,423000
665,60,RL,11194,Corner,1Fam,5,2000,2000,VinylSd,0,1406,230500
666,60,RL,18450,Inside,1Fam,5,1965,1979,Plywood,723,1021,129000
667,20,RL,8125,Inside,1Fam,5,1994,1998,HdBoard,0,1408,193500
668,20,RL,14175,Corner,1Fam,6,1956,1987,CemntBd,0,1188,168000
669,30,RL,11600,Inside,1Fam,5,1922,1950,MetalSd,0,700,137500
670,60,RL,8633,FR2,1Fam,5,2005,2005,VinylSd,0,738,173500
671,70,RH,6629,Inside,1Fam,6,1925,1950,Wd Sdng,0,672,103600
672,20,RL,11250,Inside,1Fam,6,1977,1977,Plywood,0,1208,165000
673,20,RL,14442,Inside,1Fam,7,1957,2004,CemntBd,0,1477,257500
674,20,RL,9200,Inside,1Fam,6,1965,1965,HdBoard,0,1136,140000
675,160,RL,2289,Inside,Twnhs,6,1978,1978,Plywood,0,855,148500
676,70,RM,9600,Inside,1Fam,2,1900,1950,AsbShng,0,1095,87000
677,30,RL,9022,Inside,1Fam,8,1924,2006,VinylSd,0,768,109500
678,20,RL,11844,Inside,1Fam,5,2008,2008,VinylSd,0,2046,372500
679,20,RL,9945,Inside,1Fam,5,1961,1961,Wd Sdng,0,988,128500
680,120,RL,8012,Inside,TwnhsE,5,1980,1980,Plywood,119,923,143000
681,50,RH,4500,Inside,1Fam,5,1932,2000,VinylSd,0,793,159434
682,120,RL,2887,Inside,1Fam,5,1996,1997,Wd Sdng,0,1291,173000
683,20,RL,11248,Corner,1Fam,5,2002,2002,VinylSd,0,1626,285000
684,60,RL,16770,CulDSac,1Fam,5,1998,1998,VinylSd,0,1195,221000
685,160,RL,5062,CulDSac,TwnhsE,5,1984,1984,HdBoard,182,1190,207500
686,60,FV,10207,Inside,1Fam,6,2007,2007,VinylSd,0,874,227875
687,160,FV,5105,FR2,TwnhsE,5,2004,2004,MetalSd,0,551,148800
688,20,RL,8089,Inside,1Fam,6,2007,2007,MetalSd,0,1419,392000
689,120,RL,7577,Corner,TwnhsE,5,2005,2006,VinylSd,0,1362,194700
690,120,RM,4426,Inside,TwnhsE,5,2004,2004,VinylSd,0,848,141000
691,60,RL,21535,Corner,1Fam,6,1994,1995,HdBoard,0,2444,755000
692,60,RL,26178,Inside,1Fam,5,1989,1990,MetalSd,0,1210,335000
693,30,RL,5400,Corner,1Fam,6,1921,1968,MetalSd,0,1073,108480
694,50,RM,6120,Corner,1Fam,6,1936,1950,Wd Sdng,0,927,141500
695,20,RL,13811,Inside,1Fam,6,1987,1987,HdBoard,40,1112,176000
696,30,RM,6000,Inside,1Fam,7,1921,1950,Wd Sdng,0,616,89000
697,20,RL,6420,Inside,1Fam,7,1952,1952,Wd Sdng,551,980,123500
698,20,RL,8450,Inside,1Fam,8,1965,2009,MetalSd,117,894,138500
699,120,FV,4282,Inside,TwnhsE,5,2004,2004,MetalSd,0,1391,196000
700,20,RL,14331,Inside,1Fam,5,2002,2002,VinylSd,0,1800,312500
701,20,RL,9600,Inside,1Fam,5,1969,1969,HdBoard,0,1164,140000
702,60,RL,12438,Inside,1Fam,5,2006,2006,VinylSd,0,1234,361919
703,190,RM,7630,Inside,2fmCon,9,1900,1996,Wd Sdng,0,360,140000
704,20,RL,8400,Inside,1Fam,5,2004,2005,VinylSd,0,1473,213000
705,190,RM,5600,Inside,2fmCon,5,1930,1950,VinylSd,0,0,55000
706,20,RL,115149,CulDSac,1Fam,5,1971,2002,Plywood,0,1643,302000
707,120,RL,6240,Inside,TwnhsE,5,2006,2006,MetalSd,0,1324,254000
708,60,RL,9018,Inside,1Fam,5,2007,2007,VinylSd,0,728,179540
709,20,RL,7162,Inside,1Fam,7,1966,1966,HdBoard,0,876,109900
710,30,RL,4130,Inside,1Fam,6,1935,2003,VinylSd,0,270,52000
711,50,C (all),8712,Inside,1Fam,7,1900,1950,MetalSd,0,859,102776
712,120,RL,4671,Inside,TwnhsE,5,1988,1989,HdBoard,0,1228,189000
713,190,RL,9873,Inside,2fmCon,5,1970,1970,HdBoard,0,960,129000
714,60,RL,13517,CulDSac,1Fam,8,1976,2005,HdBoard,0,725,130500
715,20,RL,10140,Inside,1Fam,5,1974,1974,HdBoard,0,1064,165000
716,70,RM,10800,Inside,1Fam,8,1890,1998,Wd Sdng,0,718,159500
717,20,RL,10000,Inside,1Fam,6,1973,2000,HdBoard,0,1176,157000
718,60,RL,10542,Inside,1Fam,5,1993,1994,Wd Sdng,0,1311,341000
719,20,RL,9920,Inside,1Fam,6,1969,1969,HdBoard,0,971,128500
720,120,RL,6563,CulDSac,1Fam,5,1985,1985,HdBoard,0,1742,275000
721,120,RM,4426,Inside,TwnhsE,5,2004,2004,VinylSd,0,848,143000
722,20,RL,8120,Inside,1Fam,7,1970,1970,MetalSd,0,864,124500
723,50,RL,8172,Inside,1Fam,6,1954,1972,MetalSd,0,941,135000
724,20,RL,13286,Inside,1Fam,5,2007,2008,CemntBd,0,1698,320000
725,20,RL,6960,Inside,1Fam,6,1970,1970,HdBoard,239,864,120500
726,20,RL,21695,Corner,1Fam,9,1988,2007,Wd Sdng,0,880,222000
727,20,RL,7314,Inside,1Fam,5,2007,2007,VinylSd,0,1232,194500
728,90,RL,11475,Corner,Duplex,5,1958,1958,VinylSd,0,1584,110000
729,30,RM,6240,Inside,1Fam,5,1925,1950,MetalSd,0,780,103000
730,120,RL,5389,Inside,TwnhsE,5,1995,1996,CemntBd,0,1595,236500
731,80,RL,9590,Corner,1Fam,5,2003,2003,VinylSd,0,868,187500
732,60,RL,11404,Inside,1Fam,5,1998,1999,VinylSd,0,1153,222500
733,20,RL,10000,Corner,1Fam,6,1961,1983,HdBoard,0,864,131400
734,20,RL,8978,Corner,1Fam,5,1968,1968,Plywood,0,948,108000
735,75,RM,10800,Inside,1Fam,7,1914,1970,Wd Sdng,0,880,163000
736,90,RL,8544,Inside,Duplex,4,1950,1950,Stucco,0,0,93500
737,60,RL,10463,CulDSac,1Fam,5,2005,2005,VinylSd,0,893,239900
738,90,RL,10800,Inside,Duplex,5,1987,1988,Plywood,0,1200,179000
739,60,RL,9313,Inside,1Fam,5,2004,2004,VinylSd,0,864,190000
740,70,RM,9600,Inside,1Fam,7,1910,2002,Wd Sdng,0,264,132000
741,20,RL,6768,Inside,1Fam,8,1961,1996,HdBoard,0,912,142000
742,20,RL,8450,Inside,1Fam,5,2000,2001,VinylSd,0,1349,179000
743,80,RL,12886,Inside,1Fam,6,1963,1999,HdBoard,0,520,175000
744,120,RL,5395,Inside,TwnhsE,5,1993,1993,HdBoard,0,1337,180000
745,60,RL,8963,Inside,1Fam,9,1976,1996,VinylSd,80,1142,299800
746,60,RL,8795,Inside,1Fam,5,2000,2000,VinylSd,0,952,236000
747,70,RM,11700,Corner,1Fam,7,1880,2003,Stucco,0,1240,265979
748,20,RL,10593,Inside,1Fam,5,1996,1996,VinylSd,0,1720,260400
749,50,RL,8405,Inside,1Fam,3,1945,1950,WdShing,0,0,98000
750,50,RM,8800,Corner,1Fam,7,1910,2004,Wd Sdng,0,576,96500
751,60,RL,7750,Inside,1Fam,5,2003,2003,VinylSd,0,660,162000
752,20,RL,9236,Inside,1Fam,5,1997,1997,VinylSd,0,1479,217000
753,60,RL,10240,Inside,1Fam,5,2005,2005,VinylSd,0,1030,275500
754,20,RL,7930,Inside,1Fam,8,1969,2005,Plywood,472,1026,156000
755,160,FV,3230,Inside,TwnhsE,5,1999,1999,MetalSd,0,729,172500
756,60,RL,10769,Inside,1Fam,5,2007,2007,VinylSd,0,866,212000
757,60,RL,11616,CulDSac,1Fam,5,1978,1978,HdBoard,0,672,158900
758,160,FV,2280,Inside,Twnhs,5,1999,1999,MetalSd,0,744,179400
759,60,RL,12257,Inside,1Fam,5,1995,1995,VinylSd,64,1318,290000
760,20,RL,9100,Inside,1Fam,6,1959,1959,Wd Sdng,0,864,127500
761,30,RM,6911,FR2,1Fam,5,1924,1950,Wd Sdng,0,1145,100000
762,60,FV,8640,Inside,1Fam,5,2009,2009,VinylSd,0,756,215200
763,60,RL,9430,Inside,1Fam,5,1999,1999,VinylSd,0,1252,337000
764,120,RL,9549,CulDSac,TwnhsE,5,1995,1996,BrkFace,1057,1494,270000
765,20,RL,14587,Inside,1Fam,5,2008,2008,VinylSd,0,1498,264132
766,60,RL,10421,Inside,1Fam,5,1988,1988,HdBoard,0,980,196500
767,50,RL,12508,Inside,1Fam,7,1940,1985,VinylSd,0,983,160000
768,20,RL,9100,Inside,1Fam,5,2004,2005,VinylSd,0,1860,216837
769,60,RL,53504,CulDSac,1Fam,5,2003,2003,CemntBd,0,1650,538000
770,85,RL,7252,CulDSac,1Fam,5,1982,1982,Wd Sdng,0,858,134900
771,20,RL,8877,Inside,1Fam,5,1951,1951,Wd Sdng,0,836,102000
772,80,RL,7819,Inside,1Fam,5,1976,1976,Plywood,127,1029,107000
773,20,RL,10150,Inside,1Fam,5,1958,1958,Wd Sdng,0,912,114500
774,20,RL,14226,Corner,1Fam,5,2006,2006,VinylSd,0,1935,395000
775,120,RM,4500,FR2,TwnhsE,5,1998,1998,VinylSd,0,1204,162000
776,20,RL,11210,Inside,1Fam,5,2005,2006,VinylSd,0,1614,221500
777,20,RL,13350,Inside,1Fam,5,1974,1974,HdBoard,0,864,142500
778,90,RH,8400,Inside,Duplex,5,1977,1977,Plywood,0,0,144000
779,90,RL,10530,Inside,Duplex,5,1977,1977,Plywood,0,975,135000
780,20,RL,7875,Inside,1Fam,5,1995,1996,HdBoard,0,1237,176000
781,60,RL,7153,Inside,1Fam,5,1992,1992,VinylSd,0,761,175900
782,20,RL,16285,Inside,1Fam,5,2001,2002,VinylSd,0,1413,187100
783,85,RL,9101,Corner,1Fam,6,1978,1978,Plywood,0,1097,165500
784,75,RM,6300,Inside,1Fam,6,1914,2001,Wd Sdng,0,742,128000
785,20,RL,9790,Inside,1Fam,5,1967,1967,BrkFace,630,1372,161500
786,50,RM,10800,Inside,1Fam,6,1915,1950,MetalSd,0,686,139000
787,60,RL,10142,Inside,1Fam,5,2004,2004,VinylSd,0,956,233000
788,20,RM,6000,Corner,1Fam,7,1954,2000,MetalSd,0,901,107900
789,60,RL,12205,Inside,1Fam,8,1966,2007,HdBoard,0,832,187500
790,120,RL,3182,Inside,TwnhsE,5,2005,2006,VinylSd,0,1145,160200
791,80,RL,11333,Corner,1Fam,5,1976,1976,HdBoard,0,1029,146800
792,60,RL,9920,CulDSac,1Fam,5,1996,1997,MetalSd,0,1117,269790
793,20,RL,9158,Inside,1Fam,5,2007,2007,CemntBd,0,1496,225000
794,60,RL,10832,Corner,1Fam,5,1994,1996,MetalSd,0,712,194500
795,60,RL,8400,Inside,1Fam,6,1980,1981,HdBoard,0,650,171000
796,20,RL,8197,Inside,1Fam,5,1977,1977,Plywood,0,660,143500
797,20,RL,7677,Inside,1Fam,5,1953,1953,VinylSd,0,773,110000
798,60,RL,13518,Inside,1Fam,5,2008,2009,VinylSd,0,1926,485000
799,50,RL,7200,Corner,1Fam,7,1937,1950,Wd Sdng,0,731,175000
800,60,RL,12798,Inside,1Fam,5,1997,1997,VinylSd,0,616,200000
801,30,RM,4800,Inside,1Fam,7,1916,1990,MetalSd,0,1196,109900
802,60,RL,8199,Inside,1Fam,5,2005,2005,WdShing,0,728,189000
803,60,RL,13891,Inside,1Fam,5,2008,2009,VinylSd,0,1734,582933
804,20,RL,9000,Inside,1Fam,5,1954,1954,Wd Sdng,0,936,118000
805,20,RL,12274,FR2,1Fam,5,2008,2008,VinylSd,0,1417,227680
806,80,RL,9750,Inside,1Fam,5,1967,1967,VinylSd,480,980,135500
807,70,RL,21384,Inside,1Fam,6,1923,2004,Wd Sdng,0,1324,223500
808,80,RL,13400,Inside,1Fam,5,1966,1966,VinylSd,128,1024,159950
809,75,RM,8100,Corner,1Fam,5,1898,1965,AsbShng,0,849,106000
810,20,RL,10140,Inside,1Fam,6,1974,1999,HdBoard,377,1040,181000
811,120,RM,4438,Inside,TwnhsE,5,2004,2004,VinylSd,0,848,144500
812,20,C (all),8712,Inside,1Fam,5,1952,1952,Wd Sdng,0,540,55993
813,20,RL,9750,Inside,1Fam,6,1958,1958,MetalSd,0,1442,157900
814,50,RL,8248,Inside,1Fam,7,1918,1950,Stucco,0,686,116000
815,20,RL,12137,CulDSac,1Fam,5,1998,1998,VinylSd,0,1649,224900
816,20,RL,11425,Corner,1Fam,6,1954,1954,BrkFace,0,1008,137000
817,20,RL,13265,CulDSac,1Fam,5,2002,2002,CemntBd,0,1568,271000
818,80,RL,8816,Inside,1Fam,7,1971,1971,HdBoard,0,1010,155000
819,120,RL,6371,Inside,TwnhsE,5,2009,2010,VinylSd,0,1358,224000
820,60,RL,7226,CulDSac,1Fam,5,2003,2003,VinylSd,0,798,183000
821,20,RM,6000,Inside,2fmCon,4,1953,1953,MetalSd,0,936,93000
822,60,RL,12394,Corner,1Fam,5,2003,2003,VinylSd,0,847,225000
823,50,RL,9900,Inside,1Fam,7,1940,1950,VinylSd,0,778,139500
824,20,FV,11216,Inside,1Fam,5,2006,2006,VinylSd,0,1489,232600
825,20,RL,14803,Inside,1Fam,5,2007,2008,CemntBd,0,2078,385000
826,45,RM,6130,Inside,1Fam,6,1924,1950,MetalSd,0,784,109500
827,20,RL,8529,Inside,1Fam,5,2001,2001,VinylSd,0,1454,189000
828,60,RL,28698,CulDSac,1Fam,5,1967,1967,Plywood,764,1013,185000
829,160,FV,2544,Inside,Twnhs,5,2005,2005,MetalSd,0,600,147400
830,20,RL,11900,Corner,1Fam,5,1957,1957,HdBoard,0,1392,166000
831,160,FV,3180,Inside,TwnhsE,5,2005,2005,MetalSd,0,600,151000
832,60,RL,9548,CulDSac,1Fam,6,2003,2003,VinylSd,0,941,237000
833,20,RL,10004,Inside,1Fam,6,1964,1964,HdBoard,345,1516,167000
834,20,RL,7875,Inside,1Fam,6,1961,1961,VinylSd,0,1144,139950
835,20,RL,9600,Inside,1Fam,7,1950,1995,VinylSd,0,1067,128000
836,30,RM,8100,Inside,1Fam,6,1948,1973,VinylSd,0,1559,153500
837,160,RM,1680,Inside,Twnhs,5,1973,1973,HdBoard,0,483,100000
838,20,RL,9525,Inside,1Fam,6,1995,2006,VinylSd,0,1099,144000
839,50,RL,11767,Inside,1Fam,6,1946,1995,MetalSd,0,768,130500
840,70,RH,12155,Inside,1Fam,8,1925,1950,Wd Sdng,0,672,140000
841,70,RM,10440,Inside,1Fam,8,1904,2002,MetalSd,0,650,157500
842,80,RL,9020,Inside,1Fam,7,1966,1966,HdBoard,539,1127,174900
843,90,RL,8000,Corner,Duplex,4,1961,1961,BrkFace,0,1800,141000
844,50,RM,12665,Inside,1Fam,8,1915,1950,Wd Sdng,0,876,153900
845,85,RL,16647,CulDSac,1Fam,5,1975,1981,HdBoard,0,1390,171000
846,60,RL,9317,Inside,1Fam,5,1993,1993,HdBoard,0,740,213000
847,20,RL,15523,CulDSac,1Fam,6,1972,1972,HdBoard,0,864,133500
848,50,RL,45600,Inside,1Fam,8,1908,1997,Wd Sdng,0,907,240000
849,80,RL,9600,FR2,1Fam,7,1976,1994,Plywood,0,528,187000
850,120,RM,4435,Inside,TwnhsE,5,2003,2003,VinylSd,0,848,131500
851,120,RL,3196,Inside,TwnhsE,5,2003,2003,VinylSd,0,1273,215000
852,75,RL,7128,Inside,1Fam,5,1941,1950,MetalSd,0,918,164000
853,80,RL,12095,Corner,1Fam,6,1964,1964,MetalSd,0,1127,158000
854,20,RL,17920,Inside,1Fam,4,1955,1974,Wd Sdng,1085,1763,170000
855,20,RL,6897,Corner,1Fam,8,1962,2010,HdBoard,0,1040,127000
856,80,RL,10970,Inside,1Fam,6,1978,1978,Plywood,435,940,147000
857,60,RL,8125,Inside,1Fam,5,1994,1995,HdBoard,0,702,174000
858,20,RL,10400,Inside,1Fam,5,1976,1976,HdBoard,0,1090,152000
859,60,RL,11029,Corner,1Fam,7,1968,1984,HdBoard,0,1054,250000
860,50,RL,7642,Corner,1Fam,8,1918,1998,Wd Sdng,0,912,189950
861,190,RL,11625,Inside,2fmCon,4,1965,1965,Plywood,0,1039,131500
862,20,RL,9672,Corner,1Fam,5,1984,1985,HdBoard,0,1040,152000
863,20,RL,7931,Inside,1Fam,5,1959,1959,BrkFace,0,1148,132500
864,20,FV,8640,Inside,1Fam,5,2007,2008,VinylSd,0,1372,250580
865,20,RL,8750,Inside,1Fam,6,1970,1970,MetalSd,0,1002,148500
866,20,RL,10656,Inside,1Fam,5,2006,2007,VinylSd,0,1638,248900
867,20,RL,6970,Corner,1Fam,5,1961,1961,VinylSd,0,1040,129000
868,60,RL,14762,Corner,1Fam,6,1948,1950,Plywood,0,0,169000
869,60,RL,9938,Inside,1Fam,5,1993,1994,MetalSd,0,1050,236000
870,20,RL,6600,Inside,1Fam,5,1962,1962,MetalSd,0,894,109500
871,60,RL,8750,Inside,1Fam,5,1998,1998,VinylSd,0,804,200500
872,20,RL,8892,Corner,1Fam,7,1953,1996,WdShing,0,105,116000
873,40,RL,12144,Inside,1Fam,7,1949,1950,HdBoard,0,832,133000
874,50,RM,5720,Inside,1Fam,6,1941,1950,Wd Sdng,0,676,66500
875,60,FV,9000,Inside,1Fam,5,2007,2007,CemntBd,0,1184,303477
876,20,RL,25286,Inside,1Fam,5,1963,1963,HdBoard,0,1064,132250
877,60,RL,8834,Inside,1Fam,5,2004,2005,VinylSd,0,1462,350000
878,85,RL,11782,Inside,1Fam,7,1961,1995,HdBoard,0,1109,148000
879,20,RL,7000,CulDSac,1Fam,8,1978,2005,VinylSd,0,864,136500
880,20,RL,7024,Inside,1Fam,5,2005,2006,VinylSd,0,1090,157000
881,50,RL,13758,CulDSac,1Fam,5,1990,1991,HdBoard,0,1156,187500
882,60,RL,9636,Corner,1Fam,5,1992,1993,VinylSd,0,808,178000
883,75,RL,6204,Inside,1Fam,5,1912,1950,Wd Sdng,0,795,118500
884,20,RL,7150,Inside,1Fam,5,1967,1967,HdBoard,0,892,100000
885,120,FV,5119,CulDSac,TwnhsE,5,1999,2000,MetalSd,0,1698,328900
886,90,RL,8393,Corner,Duplex,5,1959,2005,MetalSd,0,1626,145000
887,50,RL,16466,Inside,1Fam,7,1955,1955,MetalSd,0,816,135500
888,20,RL,15865,Inside,1Fam,6,1970,1970,Wd Sdng,823,2217,268000
889,20,RL,12160,Inside,1Fam,4,1953,1953,Wd Sdng,0,1505,149500
890,50,RL,8064,Corner,1Fam,7,1949,2006,MetalSd,0,672,122900
891,60,RL,11184,Inside,1Fam,5,1978,1978,HdBoard,500,918,172500
892,20,RL,8414,Inside,1Fam,8,1963,2003,HdBoard,0,1059,154500
893,20,RL,13284,Inside,1Fam,5,1954,1954,Wd Sdng,0,1383,165000
894,90,RL,7018,Inside,Duplex,5,1979,1979,Plywood,0,0,118858
895,60,RL,7056,Inside,1Fam,5,1963,1963,HdBoard,0,780,140000
896,30,RM,8765,Inside,1Fam,6,1936,1950,Wd Sdng,0,951,106500
897,90,RL,7018,Inside,Duplex,5,1979,1979,Plywood,0,0,142953
898,20,RL,12919,Inside,1Fam,5,2009,2010,VinylSd,0,2330,611657
899,20,RL,6993,Inside,1Fam,7,1961,1994,HdBoard,0,912,135000
900,20,RL,7340,Inside,1Fam,6,1971,1971,HdBoard,0,858,110000
901,20,RL,8712,Inside,1Fam,7,1957,2000,MetalSd,0,992,153000
902,60,RL,7875,Inside,1Fam,5,2003,2003,VinylSd,0,783,180000
903,20,RL,14859,CulDSac,1Fam,5,2006,2006,VinylSd,0,1670,240000
904,20,RL,6173,Inside,1Fam,6,1967,1967,HdBoard,0,876,125500
905,20,RL,9920,Inside,1Fam,5,1954,1954,HdBoard,290,1056,128000
906,20,RL,13501,Corner,1Fam,5,2006,2006,VinylSd,0,1623,255000
907,50,RL,11500,Inside,1Fam,7,1936,1987,BrkFace,0,1017,250000
908,20,RL,8885,Inside,1Fam,5,1983,1983,HdBoard,324,864,131000
909,60,RL,12589,Inside,1Fam,5,2005,2005,VinylSd,0,742,174000
910,90,RL,11600,Corner,Duplex,5,1960,1960,MetalSd,0,1105,154300
911,20,RL,9286,CulDSac,1Fam,7,1977,1989,HdBoard,0,1268,143500
912,30,RM,6120,Inside,1Fam,7,1925,1950,MetalSd,0,768,88000
913,90,RH,6270,Inside,Duplex,6,1949,1950,MetalSd,0,1001,145000
914,160,FV,3000,Inside,TwnhsE,5,2009,2009,VinylSd,0,612,173733
915,160,RM,2001,Inside,Twnhs,5,1970,1970,CemntBd,0,546,75000
916,20,C (all),9000,Inside,1Fam,3,1949,1950,AsbShng,0,480,35311
917,20,RL,17140,Inside,1Fam,6,1956,1956,VinylSd,0,1134,135000
918,60,RL,13125,Corner,1Fam,5,1991,1991,HdBoard,634,1104,238000
919,20,RL,11029,Corner,1Fam,8,1958,2002,MetalSd,411,1184,176500
920,60,RL,8462,Inside,1Fam,5,1994,1994,HdBoard,0,928,201000
921,90,RL,8777,Inside,Duplex,7,1900,2003,MetalSd,0,1272,145900
922,20,RL,10237,Inside,1Fam,5,2005,2006,VinylSd,0,1316,169990
923,120,RL,8012,Inside,TwnhsE,5,1993,1994,Plywood,841,1604,193000
924,20,RL,10240,Inside,1Fam,6,1980,1980,Plywood,1061,1686,207500
925,20,RL,15611,Corner,1Fam,6,1977,1977,VinylSd,93,1126,175000
926,60,RL,11999,Inside,1Fam,5,2003,2004,VinylSd,0,1181,285000
927,60,RL,9900,Inside,1Fam,5,1968,1968,MetalSd,0,832,176000
928,20,RL,11838,Inside,1Fam,5,2001,2001,VinylSd,0,1753,236500
929,60,RL,13006,Corner,1Fam,5,1997,1997,HdBoard,0,964,222000
930,20,RL,8925,Inside,1Fam,5,2007,2007,VinylSd,0,1466,201000
931,20,RL,9100,Inside,1Fam,6,1965,1965,VinylSd,466,925,117500
932,20,RL,11670,Corner,1Fam,5,2006,2006,VinylSd,0,1905,320000
933,20,RL,8487,FR2,1Fam,5,2004,2004,VinylSd,0,1500,190000
934,20,RL,27650,Inside,1Fam,7,1960,2007,Wd Sdng,0,585,242000
935,30,RL,5825,Inside,1Fam,5,1926,1953,MetalSd,0,600,79900
936,20,RL,10083,Inside,1Fam,5,2003,2003,VinylSd,0,1176,184900
937,60,RL,9675,Inside,1Fam,5,2005,2005,VinylSd,0,1113,253000
938,60,RL,8760,Inside,1Fam,5,2006,2006,VinylSd,0,1391,239799
939,70,RL,24090,Inside,1Fam,7,1940,1950,MetalSd,0,1032,244400
940,90,RL,12640,Inside,Duplex,5,1976,1976,Plywood,396,1728,150900
941,60,RL,8755,FR2,1Fam,5,1999,1999,VinylSd,0,992,214000
942,90,RL,7711,Inside,Duplex,3,1977,1977,MetalSd,0,1440,150000
943,90,RL,25000,Inside,Duplex,4,1967,1967,HdBoard,0,1632,143000
944,20,RL,14375,CulDSac,1Fam,6,1958,1958,HdBoard,354,819,137500
945,50,RM,8820,Corner,1Fam,6,1890,1996,VinylSd,0,1088,124900
946,80,RL,8163,Inside,1Fam,6,1959,1959,HdBoard,294,1144,143000
947,20,RL,14536,Inside,1Fam,5,2002,2003,VinylSd,0,1616,270000
948,60,RL,14006,Inside,1Fam,5,2002,2002,VinylSd,0,936,192500
949,20,RL,9360,Inside,1Fam,7,1972,2006,Plywood,0,1161,197500
950,20,RL,7200,Inside,1Fam,8,1950,2002,VinylSd,149,864,129000
951,20,RH,7800,Corner,1Fam,5,1965,1965,VinylSd,0,828,119900
952,85,RL,7200,Inside,1Fam,8,1972,2003,WdShing,0,768,133900
953,60,RL,11075,Inside,1Fam,4,1969,1969,HdBoard,193,784,172000
954,90,RL,9400,CulDSac,Duplex,5,1975,1975,WdShing,0,945,127500
955,90,RH,7136,Inside,Duplex,6,1946,1950,MetalSd,0,979,145000
956,160,RM,1300,Inside,TwnhsE,6,1980,1980,MetalSd,0,561,124000
957,20,RL,7420,Inside,1Fam,5,1962,1962,MetalSd,0,1057,132000
958,20,RL,8450,Inside,1Fam,5,2003,2003,VinylSd,0,1337,185000
959,160,FV,2572,FR2,Twnhs,5,1999,1999,MetalSd,0,696,155000
960,20,RL,7207,Inside,1Fam,7,1958,2008,Wd Sdng,0,858,116500
961,60,RL,12227,Corner,1Fam,7,1977,1995,HdBoard,0,1330,272000
962,160,RL,2308,Corner,TwnhsE,6,1976,1976,Plywood,0,804,155000
963,20,RL,11923,Corner,1Fam,5,2007,2007,VinylSd,0,1800,239000
964,60,RL,11316,Corner,1Fam,5,2002,2003,VinylSd,0,817,214900
965,60,RL,10237,Inside,1Fam,5,2005,2007,VinylSd,0,783,178900
966,50,RL,9600,Inside,1Fam,7,1940,1950,MetalSd,0,728,160000
967,20,RL,7390,Inside,1Fam,7,1955,1955,Wd Sdng,0,1098,135000
968,50,RM,5925,Inside,1Fam,6,1910,1950,VinylSd,0,600,37900
969,190,RL,10382,Inside,2fmCon,5,1958,1958,HdBoard,0,588,140000
970,50,RL,10800,Inside,1Fam,4,1949,1950,AsbShng,0,720,135000
971,160,RL,2268,Inside,Twnhs,5,2003,2004,VinylSd,0,764,173000
972,120,RL,7892,Inside,TwnhsE,5,1979,1979,Plywood,0,918,99500
973,20,FV,11639,Corner,1Fam,5,2007,2008,CemntBd,0,1428,182000
974,70,RL,11414,Corner,1Fam,8,1910,1993,HdBoard,0,728,167500
975,160,FV,2651,FR2,Twnhs,5,2000,2000,MetalSd,0,673,165000
976,30,RL,5900,Inside,1Fam,7,1923,1958,Wd Sdng,0,440,85500
977,120,FV,4274,Inside,TwnhsE,5,2006,2007,VinylSd,0,1241,199900
978,20,RL,9450,Inside,1Fam,5,1954,1954,MetalSd,0,894,110000
979,20,RL,8816,Corner,1Fam,6,1963,1963,VinylSd,0,1121,139000
980,85,RL,12122,Corner,1Fam,9,1961,2007,CemntBd,0,944,178400
981,60,RL,12203,Corner,1Fam,5,1998,1999,VinylSd,0,1225,336000
982,20,RL,3182,Inside,1Fam,5,2007,2007,VinylSd,0,1266,159895
983,60,RL,11250,Corner,1Fam,5,2002,2002,CemntBd,0,1128,255900
984,90,RL,10125,Inside,Duplex,5,1977,1977,Plywood,0,0,126000
985,190,RL,10880,Inside,2fmCon,5,1950,1950,MetalSd,0,1164,125000
986,50,RM,5310,Corner,1Fam,8,1910,2003,VinylSd,0,485,117000
987,20,RL,10159,Inside,1Fam,5,2009,2010,VinylSd,0,1930,395192
988,60,RL,12046,Inside,1Fam,6,1976,1976,Plywood,0,848,195000
989,60,FV,8125,Inside,1Fam,5,2006,2006,VinylSd,0,770,197000
990,60,RL,9452,Inside,1Fam,5,1997,1998,VinylSd,0,1396,348000
991,70,RM,17671,Corner,1Fam,9,1882,1986,Wd Sdng,0,916,168000
992,60,RL,9760,Inside,1Fam,8,1964,1993,Wd Sdng,117,822,187000
993,60,RL,8846,Inside,1Fam,5,2005,2006,VinylSd,0,750,173900
994,20,RL,12456,FR2,1Fam,5,2006,2007,CemntBd,0,1700,337500
995,50,RL,4712,Inside,1Fam,7,1946,1950,MetalSd,0,747,121600
996,20,RL,10659,Inside,1Fam,6,1961,1961,Wd Sdng,0,1050,136500
997,20,RL,11717,Inside,1Fam,6,1970,1970,HdBoard,0,1442,185000
998,30,RM,9786,Inside,1Fam,4,1922,1950,Wd Sdng,0,1007,91000
999,20,RL,6762,Inside,1Fam,5,2006,2006,VinylSd,0,1187,206000
1000,20,RL,10206,Corner,1Fam,3,1952,1952,BrkComm,0,0,82000
1001,30,RL,5400,Corner,1Fam,6,1920,1950,Wd Sdng,0,691,86000
1002,20,RL,11957,Inside,1Fam,5,2006,2006,VinylSd,0,1574,232000
1003,90,RL,11500,Corner,Duplex,6,1976,1976,VinylSd,0,1680,136905
1004,120,RL,3182,Inside,TwnhsE,5,2005,2006,VinylSd,0,1346,181000
1005,80,RL,8385,Inside,1Fam,8,1977,1977,HdBoard,0,985,149900
1006,20,RL,12155,Inside,1Fam,3,1970,1970,Plywood,0,1657,163500
1007,160,RM,2217,Inside,TwnhsE,4,1970,1970,CemntBd,273,546,88000
1008,20,RL,12118,CulDSac,1Fam,5,2004,2005,VinylSd,0,1710,240000
1009,50,RL,6000,Inside,1Fam,5,1926,1950,Wd Sdng,0,1008,102000
1010,50,RL,21286,Inside,1Fam,5,1948,1950,Wd Sdng,0,720,135000
1011,90,RL,9825,Inside,Duplex,5,1965,1965,AsphShn,0,0,100000
1012,70,RL,10592,Inside,1Fam,7,1923,1996,Wd Sdng,0,602,165000
1013,30,RM,7200,Inside,1Fam,4,1910,2006,MetalSd,465,1022,85000
1014,20,RL,11664,Inside,1Fam,5,1948,1950,MetalSd,0,1082,119200
1015,60,RL,8400,Inside,1Fam,6,2001,2001,VinylSd,0,810,227000
1016,20,RL,11883,Inside,1Fam,5,1996,1996,VinylSd,0,1504,203000
1017,120,RL,5814,CulDSac,TwnhsE,5,1984,1984,HdBoard,0,1220,187500
1018,80,RL,10784,FR2,1Fam,5,1991,1992,HdBoard,0,384,160000
1019,120,RL,3013,Inside,TwnhsE,5,2005,2005,VinylSd,0,1362,213490
1020,20,RL,7024,Inside,1Fam,5,2005,2005,VinylSd,0,1132,176000
1021,20,RL,7406,Inside,1Fam,5,2006,2006,VinylSd,0,1199,194000
1022,50,RM,9439,Inside,1Fam,5,1930,1950,Wd Sdng,0,912,87000
1023,120,RL,3182,Inside,TwnhsE,5,2005,2006,VinylSd,0,1346,191000
1024,20,RL,15498,Corner,1Fam,6,1976,1976,Stone,400,1565,287000
1025,20,RL,7700,Corner,1Fam,5,1972,1972,VinylSd,468,882,112500
1026,20,RL,9300,Inside,1Fam,5,1960,1960,MetalSd,0,1268,167500
1027,20,RL,9520,Inside,1Fam,5,2007,2008,VinylSd,0,1638,293077
1028,50,RL,9492,Inside,1Fam,5,1941,1950,WdShing,41,768,105000
1029,160,RM,1680,Inside,Twnhs,7,1972,1972,HdBoard,0,672,118000
1030,190,RH,7082,Inside,2fmCon,8,1916,1995,VinylSd,0,686,160000
1031,75,RL,15863,Corner,1Fam,3,1920,1970,Wd Sdng,0,824,197000
1032,60,RL,14541,Corner,1Fam,7,1993,1993,MetalSd,0,1338,310000
1033,20,RL,8125,Inside,1Fam,5,2002,2002,VinylSd,0,1654,230000
1034,30,RL,6305,Inside,1Fam,7,1938,1950,MetalSd,0,920,119750
1035,20,RL,11500,CulDSac,1Fam,3,1957,1957,Wd Sdng,0,0,84000
1036,20,RL,12898,Inside,1Fam,5,2007,2008,VinylSd,0,1620,315500
1037,60,RL,9240,Inside,1Fam,5,2001,2002,VinylSd,0,1055,287000
1038,160,RM,1533,Inside,Twnhs,6,1970,2008,CemntBd,0,546,97000
1039,180,RM,1477,Inside,TwnhsE,4,1970,1970,CemntBd,0,630,80000
1040,20,RL,13125,Corner,1Fam,4,1957,2000,Wd Sdng,682,1134,155000
1041,60,RL,9130,Inside,1Fam,8,1966,2000,HdBoard,64,800,173000
1042,120,RL,5381,Inside,Twnhs,5,2005,2005,VinylSd,0,1306,196000
1043,60,RL,11839,Inside,1Fam,5,1990,1990,HdBoard,0,1475,262280
1044,20,RL,9600,Inside,1Fam,5,1981,1981,BrkFace,0,2524,278000
1045,20,RL,13680,CulDSac,1Fam,5,1955,1955,BrkFace,0,0,139600
1046,60,RL,16056,Inside,1Fam,5,2005,2006,CemntBd,0,1992,556581
1047,20,RL,9245,Inside,1Fam,5,1994,1995,VinylSd,0,990,145000
1048,20,RL,21750,Inside,1Fam,4,1960,2006,HdBoard,0,0,115000
1049,20,RL,11100,Inside,1Fam,7,1946,2006,MetalSd,0,0,84900
1050,20,RL,8993,Inside,1Fam,5,2007,2007,VinylSd,0,1302,176485
1051,20,RL,11175,Corner,1Fam,5,2007,2007,VinylSd,0,1316,200141
1052,60,RL,9500,Corner,1Fam,6,1964,1978,VinylSd,0,816,165000
1053,20,RL,8562,Inside,1Fam,6,1957,2002,HdBoard,0,1216,144500
1054,60,RL,11367,Corner,1Fam,5,2002,2002,VinylSd,0,1065,255000
1055,20,RL,11361,Inside,1Fam,5,1976,1976,Plywood,0,1193,180000
1056,120,RL,7052,Inside,TwnhsE,5,2005,2005,VinylSd,0,1364,185850
1057,60,RL,29959,FR2,1Fam,6,1994,1994,HdBoard,0,973,248000
1058,60,RL,11308,Inside,1Fam,5,2008,2008,VinylSd,0,1104,335000
1059,50,RL,11275,Corner,1Fam,7,1932,1950,MetalSd,557,854,220000
1060,120,RL,4920,Inside,TwnhsE,5,2001,2001,CemntBd,0,1338,213500
1061,30,C (all),18000,Inside,1Fam,4,1935,1950,MetalSd,0,894,81000
1062,190,RM,13600,Inside,2fmCon,5,1900,1950,Wd Sdng,0,662,90000
1063,30,RM,6000,Inside,1Fam,6,1925,1980,MetalSd,0,1103,110500
1064,20,RL,11000,CulDSac,1Fam,6,1966,1966,Plywood,230,1154,154000
1065,60,RL,14000,Inside,1Fam,5,1996,1997,Wd Sdng,0,1306,328000
1066,60,RL,7837,Inside,1Fam,7,1993,1994,VinylSd,0,799,178000
1067,60,RL,9760,Inside,1Fam,6,1964,1964,HdBoard,106,780,167900
1068,160,RM,3964,Inside,TwnhsE,4,1973,1973,CemntBd,0,942,151400
1069,45,RL,9600,Inside,1Fam,7,1949,2003,MetalSd,0,845,135000
1070,20,RL,10152,Inside,1Fam,5,1956,1956,MetalSd,0,1048,135000
1071,60,RL,11700,Inside,1Fam,6,1968,1968,MetalSd,0,727,154000
1072,50,RL,7585,Inside,1Fam,3,1948,1950,MetalSd,0,810,91500
1073,60,RL,7950,Corner,1Fam,6,1977,1977,HdBoard,0,690,159500
1074,20,RL,8556,Inside,1Fam,5,2006,2006,VinylSd,0,1240,194000
1075,70,RL,13125,Inside,1Fam,6,1940,1984,Wd Sdng,0,800,219500
1076,50,RL,10800,Inside,1Fam,8,1936,1989,Wd Sdng,0,796,170000
1077,20,RL,15870,Corner,1Fam,5,1969,1969,VinylSd,791,1096,138800
1078,120,RM,4435,Inside,TwnhsE,5,2004,2004,VinylSd,0,848,155900
1079,20,RL,8775,Inside,1Fam,5,1994,1994,VinylSd,0,990,126000
1080,20,RL,11040,Inside,1Fam,7,1971,2004,VinylSd,0,1258,145000
1081,20,RL,7500,Corner,1Fam,5,1963,1963,HdBoard,0,1040,133000
1082,20,RL,8749,Inside,1Fam,5,2002,2002,VinylSd,0,1459,192000
1083,20,RL,8800,Inside,1Fam,6,1964,1964,HdBoard,0,1251,160000
1084,60,RL,13031,Corner,1Fam,5,1995,1996,HdBoard,0,691,187500
1085,85,RL,9069,Inside,1Fam,6,1992,1992,HdBoard,0,936,147000
1086,160,RM,1974,Inside,TwnhsE,5,1973,1973,CemntBd,0,546,83500
1087,60,FV,10574,Inside,1Fam,5,2005,2006,VinylSd,0,1082,252000
1088,160,RM,2522,Inside,Twnhs,5,2004,2004,VinylSd,0,970,137500
1089,120,FV,3316,Inside,TwnhsE,5,2005,2005,MetalSd,0,1247,197000
1090,90,RL,8544,Corner,Duplex,4,1950,1950,BrkFace,0,0,92900
1091,160,FV,2160,Inside,Twnhs,5,1999,2000,MetalSd,0,600,160000
1092,50,RL,8400,Inside,1Fam,5,1925,1950,MetalSd,0,1181,136500
1093,20,RL,9230,Corner,1Fam,8,1965,1998,MetalSd,0,864,146000
1094,20,RL,5868,Inside,1Fam,7,1956,2000,MetalSd,240,936,129000
1095,20,RL,9317,Inside,1Fam,5,2006,2006,VinylSd,0,1314,176432
1096,70,RM,6882,Inside,1Fam,7,1914,2006,Wd Sdng,0,684,127000
1097,120,RL,3696,Inside,TwnhsE,5,1986,1986,HdBoard,0,1074,170000
1098,50,RM,6000,Inside,1Fam,6,1936,1950,MetalSd,0,672,128000
1099,20,RL,11880,Inside,1Fam,5,1978,1978,Plywood,0,1271,157000
1100,30,RL,8400,Inside,1Fam,5,1920,1950,Wd Sdng,0,290,60000
1101,20,RL,9758,Inside,1Fam,5,1971,1971,HdBoard,287,950,119500
1102,20,RL,7000,Inside,1Fam,7,1960,2002,Wd Sdng,0,1010,135000
1103,20,RL,8910,Corner,1Fam,6,1959,1959,BrkFace,0,655,159500
1104,160,RM,2016,Inside,TwnhsE,5,1970,1970,HdBoard,0,630,106000
1105,60,RL,12256,Corner,1Fam,5,1994,1995,HdBoard,0,1463,325000
1106,20,RL,10357,Corner,1Fam,5,1990,1991,HdBoard,0,910,179900
1107,60,RL,23257,CulDSac,1Fam,5,2006,2006,VinylSd,0,868,274725
1108,60,RL,8063,Inside,1Fam,5,2000,2000,VinylSd,0,924,181000
1109,20,RL,11362,Inside,1Fam,5,2004,2005,MetalSd,0,1836,280000
1110,60,RL,8000,Inside,1Fam,5,1995,1996,HdBoard,0,773,188000
1111,60,RL,10480,Inside,1Fam,6,1976,1976,Plywood,0,803,205000
1112,20,RL,7100,Corner,1Fam,7,1957,1957,WdShing,0,816,129900
1113,20,RL,8923,Inside,1Fam,7,1953,2006,Wd Sdng,0,1008,134500
1114,20,RL,5400,Inside,1Fam,7,1954,2000,MetalSd,0,833,117000
1115,20,RL,12085,Inside,1Fam,5,2007,2007,VinylSd,0,1734,318000
1116,80,RL,7750,Inside,1Fam,5,2002,2002,VinylSd,0,408,184100
1117,20,RL,9764,FR2,1Fam,7,1967,2003,VinylSd,0,894,130000
1118,80,RL,13825,Inside,1Fam,6,1958,1987,MetalSd,0,533,140000
1119,20,RL,7560,Inside,1Fam,5,1959,1959,BrkFace,0,1040,133700
1120,30,RM,8263,Inside,1Fam,5,1920,1950,BrkFace,0,1012,118400
1121,20,RL,10084,Inside,1Fam,5,2005,2006,VinylSd,0,1552,212900
1122,20,RL,8926,Corner,1Fam,3,1956,1956,AsbShng,0,672,112000
1123,20,RL,9405,Inside,1Fam,9,1947,2008,VinylSd,0,698,118000
1124,80,RL,9125,Inside,1Fam,5,1992,1992,HdBoard,0,384,163900
1125,20,RL,10434,Inside,1Fam,5,1955,1955,Plywood,0,1005,115000
1126,120,RL,3684,Inside,TwnhsE,5,2007,2007,VinylSd,0,1373,174000
1127,20,RL,14572,Corner,1Fam,5,2004,2004,VinylSd,0,1530,259000
1128,60,RL,11796,Inside,1Fam,5,2004,2005,VinylSd,0,847,215000
1129,90,RM,7200,Inside,Duplex,5,1980,1980,MetalSd,0,936,140000
1130,50,RL,7804,Inside,1Fam,3,1928,1950,WdShing,0,1122,135000
1131,20,RL,10712,Inside,1Fam,5,1991,1992,HdBoard,0,974,93500
1132,70,RM,9900,Inside,1Fam,4,1880,1950,Wd Sdng,0,1008,117500
1133,60,RL,9828,Inside,1Fam,5,1995,1995,VinylSd,0,1128,239500
1134,60,RL,8773,Inside,1Fam,5,1997,1997,VinylSd,0,916,169000
1135,30,RM,6180,Corner,1Fam,5,1926,1950,Wd Sdng,0,960,102000
1136,50,RL,9600,Inside,1Fam,5,1950,1950,VinylSd,0,1032,119000
1137,50,RL,6342,Inside,1Fam,8,1875,1996,VinylSd,0,780,94000
1138,20,RL,9819,Inside,1Fam,5,1977,1977,Plywood,0,1567,196000
1139,30,RL,8731,Inside,1Fam,5,1920,1950,Stucco,0,915,144000
1140,20,RL,7350,Corner,1Fam,7,1951,1951,HdBoard,0,952,139000
1141,60,RL,10304,CulDSac,1Fam,7,1976,1976,Plywood,0,780,197500
1142,60,RL,9965,Inside,1Fam,5,2006,2007,VinylSd,0,1466,424870
1143,20,RL,9000,Inside,1Fam,3,1959,1959,Wd Sdng,0,1006,80000
1144,190,RL,12180,Inside,2fmCon,4,1941,1950,MetalSd,0,672,80000
1145,50,RM,6240,Inside,1Fam,6,1928,1950,MetalSd,0,1042,149000
1146,20,RL,11200,Inside,1Fam,5,1985,1985,Wd Sdng,0,1298,180000
1147,70,RL,12000,Inside,1Fam,7,1941,1950,MetalSd,0,704,174500
1148,50,RM,5700,Inside,1Fam,7,1926,1950,Wd Sdng,0,572,116900
1149,70,RM,9000,Inside,1Fam,9,1920,1988,VinylSd,0,650,143000
1150,20,RL,8280,Inside,1Fam,5,1950,1950,BrkFace,0,932,124000
1151,20,RL,17755,Inside,1Fam,4,1959,1959,HdBoard,0,1466,149900
1152,20,RL,14115,Inside,1Fam,7,1956,2004,Stone,547,1073,230000
1153,30,RM,5890,Corner,1Fam,8,1930,2007,Wd Sdng,0,816,120500
1154,60,RL,13700,Inside,1Fam,6,1965,1988,VinylSd,0,864,201800
1155,20,RL,10768,Corner,1Fam,8,1976,2004,Plywood,0,1437,218000
1156,80,RL,9350,Inside,1Fam,8,1965,1999,BrkFace,0,1219,179900
1157,120,RL,5001,Inside,Twnhs,5,2007,2008,VinylSd,0,1314,230000
1158,20,RL,11932,FR2,1Fam,5,2007,2008,VinylSd,0,1580,235128
1159,60,RL,9120,Inside,1Fam,6,1974,1974,HdBoard,0,901,185000
1160,160,RL,2280,Inside,Twnhs,5,1978,1978,Plywood,0,855,146000
1161,20,RL,14778,CulDSac,1Fam,7,1954,2006,HdBoard,0,1296,224000
1162,20,RL,8724,Inside,1Fam,5,1968,1968,VinylSd,0,894,129000
1163,90,RL,12900,Inside,Duplex,4,1969,1969,Plywood,0,1198,108959
1164,80,RL,16157,FR2,1Fam,7,1978,1978,Plywood,391,1360,194000
1165,20,RL,9541,Inside,1Fam,5,2009,2009,VinylSd,0,1502,233170
1166,20,RL,10475,Corner,1Fam,5,2008,2008,VinylSd,0,1694,245350
1167,60,RL,10852,Inside,1Fam,5,2000,2000,VinylSd,0,959,173000
1168,70,RL,13728,Corner,1Fam,7,1935,1986,Stucco,0,1127,235000
1169,60,RL,35760,CulDSac,1Fam,5,1995,1996,HdBoard,0,1930,625000
1170,80,RL,9880,Inside,1Fam,6,1977,1977,Plywood,0,1096,171000
1171,20,RL,9120,Inside,1Fam,6,1958,1958,MetalSd,0,1261,163000
1172,160,FV,4017,Inside,TwnhsE,5,2006,2007,MetalSd,0,625,171900
1173,50,RL,18030,Inside,1Fam,6,1946,1994,MetalSd,469,1598,200500
1174,70,RL,16560,Inside,1Fam,8,1932,1950,Wd Sdng,0,952,239000
1175,50,RL,10678,Inside,1Fam,5,1992,2000,HdBoard,0,1683,285000
1176,20,RL,6951,CulDSac,1Fam,5,1984,1985,HdBoard,0,876,119500
1177,50,RM,3950,Inside,1Fam,8,1926,2004,MetalSd,0,818,115000
1178,50,RL,7681,FR2,1Fam,6,1921,1950,Wd Sdng,0,731,154900
1179,20,RL,8335,Corner,1Fam,5,1954,1954,Wd Sdng,0,0,93000
1180,60,RL,11170,Corner,1Fam,5,1990,1991,MetalSd,0,1216,250000
1181,120,RM,5587,Inside,TwnhsE,5,2008,2008,CemntBd,0,1600,392500
1182,60,RL,15623,Corner,1Fam,5,1996,1996,Wd Sdng,0,2396,745000
1183,30,RL,10800,Inside,1Fam,6,1920,1950,Stucco,0,1120,120000
1184,20,RL,35133,Inside,1Fam,4,1963,1963,MetalSd,0,1572,186700
1185,50,RL,9738,Inside,1Fam,7,1924,1950,AsbShng,0,784,104900
1186,190,RL,10615,Corner,2fmCon,5,1900,1970,HdBoard,0,978,95000
1187,20,RL,12461,Corner,1Fam,5,1994,1995,ImStucc,0,1624,262000
1188,60,RL,8935,Inside,1Fam,5,2002,2002,VinylSd,0,831,195000
1189,60,RL,7500,Inside,1Fam,5,1999,1999,VinylSd,0,994,189000
1190,190,RL,32463,Inside,2fmCon,4,1961,1975,MetalSd,0,1249,168000
1191,160,FV,2645,Inside,Twnhs,5,1999,2000,MetalSd,0,776,174000
1192,50,RM,9600,Inside,1Fam,8,1925,1994,VinylSd,0,702,125000
1193,120,RM,4500,FR2,TwnhsE,5,1999,1999,VinylSd,0,1224,165000
1194,60,RL,9364,Corner,1Fam,7,1969,1969,HdBoard,0,663,158000
1195,60,RL,8029,Inside,1Fam,5,2005,2005,VinylSd,0,728,176000
1196,60,RL,14054,Inside,1Fam,5,2006,2006,VinylSd,0,879,219210
1197,75,RM,8850,Corner,1Fam,6,1916,1950,MetalSd,0,815,144000
1198,20,RL,9100,Inside,1Fam,5,2001,2001,VinylSd,0,1212,178000
1199,20,RL,11235,Inside,1Fam,5,1963,1979,HdBoard,0,1051,148000
1200,20,RL,9353,Inside,1Fam,5,1970,1970,MetalSd,0,864,116050
1201,60,RL,10400,Corner,1Fam,5,1998,1998,VinylSd,0,866,197900
1202,50,RM,6000,Corner,1Fam,8,1925,1997,Wd Sdng,0,884,117000
1203,20,RL,9750,Inside,1Fam,5,2000,2001,VinylSd,0,1630,213000
1204,20,RL,10140,Inside,1Fam,6,1975,1975,HdBoard,0,1056,153500
1205,20,RL,14684,CulDSac,1Fam,7,1990,1991,HdBoard,177,2158,271900
1206,20,RH,8900,Inside,1Fam,4,1966,1966,HdBoard,0,1056,107000
1207,20,RL,9135,Inside,1Fam,5,2003,2003,VinylSd,0,1682,200000
1208,20,RL,7763,Inside,1Fam,7,1962,1980,MetalSd,108,931,140000
1209,20,RL,10182,CulDSac,1Fam,5,2006,2006,VinylSd,0,1660,290000
1210,60,RL,11218,Inside,1Fam,5,1992,1992,Wd Sdng,0,1055,189000
1211,50,RL,12134,Inside,1Fam,7,1988,2005,Wd Sdng,0,559,164000
1212,30,RL,9340,Inside,1Fam,6,1941,1950,MetalSd,0,672,113000
1213,80,RL,10246,CulDSac,1Fam,9,1965,2001,VinylSd,0,648,145000
1214,85,RL,10205,Inside,1Fam,5,1962,1962,MetalSd,0,925,134500
1215,20,RL,7094,Inside,1Fam,5,1966,1966,VinylSd,374,894,125000
1216,90,RM,8930,Inside,Duplex,5,1978,1978,VinylSd,0,0,112000
1217,20,FV,8640,Inside,1Fam,5,2009,2009,CemntBd,0,1300,229456
1218,50,RM,6240,Inside,1Fam,5,1947,1950,AsbShng,0,0,80500
1219,160,RM,1680,Inside,Twnhs,5,1971,1971,CemntBd,0,672,91500
1220,20,RL,7800,Inside,1Fam,5,1964,1964,Wd Sdng,600,912,115000
1221,20,RL,8250,Inside,1Fam,5,1968,1968,HdBoard,492,952,134000
1222,50,RL,10496,Inside,1Fam,6,1949,1950,Wd Sdng,0,1040,143000
1223,20,RL,10680,Inside,1Fam,3,1951,1951,Wd Sdng,0,2136,137900
1224,60,RL,15384,Inside,1Fam,5,2004,2005,VinylSd,0,788,184000
1225,80,RL,10482,Inside,1Fam,8,1958,1958,VinylSd,0,588,145000
1226,60,RL,14598,CulDSac,1Fam,5,2007,2007,VinylSd,0,894,214000
1227,20,RL,8872,Corner,1Fam,8,1965,2008,VinylSd,0,912,147000
1228,120,RL,8769,Corner,TwnhsE,5,2008,2008,MetalSd,0,1702,367294
1229,80,RL,7910,Inside,1Fam,5,1960,1960,BrkFace,0,1075,127000
1230,90,RL,18890,Inside,Duplex,5,1977,1977,Plywood,211,1361,190000
1231,90,RL,7728,Inside,Duplex,6,1962,1962,Wd Sdng,0,1106,132500
1232,90,RL,9842,FR2,Duplex,5,1962,1962,HdBoard,0,0,101800
1233,20,RL,12160,Inside,1Fam,5,1959,1959,Plywood,0,1188,142000
1234,70,RH,8525,Inside,1Fam,6,1911,1950,MetalSd,0,940,130000
1235,70,RL,13132,Inside,1Fam,5,1914,1950,Wd Sdng,0,747,138887
1236,160,RL,2628,Inside,Twnhs,5,2003,2003,VinylSd,0,764,175500
1237,60,RL,12393,FR2,1Fam,5,2004,2005,VinylSd,0,847,195000
1238,20,RL,13072,Inside,1Fam,5,2005,2005,VinylSd,0,1141,142500
1239,20,RL,9037,Inside,1Fam,5,2006,2006,VinylSd,0,1476,265900
1240,60,RL,8158,Inside,1Fam,5,2003,2003,VinylSd,0,884,224900
1241,20,RL,9849,Inside,1Fam,6,2007,2007,VinylSd,0,1689,248328
1242,85,RL,10625,Inside,1Fam,6,1974,1974,Plywood,168,1053,170000
1243,20,RL,13891,Inside,1Fam,5,2006,2006,VinylSd,0,2076,465000
1244,70,RL,11435,Corner,1Fam,7,1929,1950,BrkFace,0,792,230000
1245,80,RL,12090,Inside,1Fam,7,1984,2003,VinylSd,0,585,178000
1246,60,FV,8125,Inside,1Fam,5,2005,2006,VinylSd,0,756,186500
1247,80,RL,12328,Inside,1Fam,5,1976,1976,HdBoard,0,1012,169900
1248,75,RM,9600,Inside,1Fam,5,1917,1950,AsbShng,0,735,129500
1249,20,RL,7200,Inside,1Fam,7,1950,1950,MetalSd,96,876,119000
1250,20,RL,11160,Corner,1Fam,5,1968,1968,BrkFace,0,2110,244000
1251,120,RL,3136,Corner,TwnhsE,5,2003,2003,VinylSd,0,1405,171750
1252,20,RL,9858,Inside,1Fam,6,1968,1968,HdBoard,0,864,130000
1253,60,RL,17542,Inside,1Fam,7,1974,2003,Wd Sdng,1031,1192,294000
1254,60,RL,6931,Inside,1Fam,5,2003,2004,VinylSd,0,746,165400
1255,50,RM,6240,Inside,1Fam,6,1931,1950,Wd Sdng,0,884,127500
1256,20,RL,14303,Corner,1Fam,5,1994,1994,HdBoard,0,1986,301500
1257,30,RL,4060,Corner,1Fam,8,1922,1950,Wd Sdng,0,864,99900
1258,80,RL,9587,Inside,1Fam,5,2005,2005,VinylSd,0,856,190000
1259,20,RL,9750,FR2,1Fam,8,1969,1969,HdBoard,438,1054,151000
1260,60,RL,24682,CulDSac,1Fam,5,1999,1999,VinylSd,0,841,181000
1261,20,RL,9600,Inside,1Fam,6,1956,1956,MetalSd,0,1050,128900
1262,50,RL,11250,Inside,1Fam,5,1957,1989,Wd Sdng,0,1104,161500
1263,70,RL,13515,Inside,1Fam,6,1919,1950,Wd Sdng,0,764,180500
1264,120,RH,4060,Inside,TwnhsE,5,1998,1999,MetalSd,0,1405,181000
1265,160,FV,3735,FR3,TwnhsE,5,1999,1999,MetalSd,0,691,183900
1266,190,RM,10120,Inside,2fmCon,4,1910,1950,Wd Sdng,0,925,122000
1267,20,RL,13214,Inside,1Fam,5,2008,2009,Stucco,0,2002,378500
1268,50,RL,14100,Inside,1Fam,9,1935,1997,Stucco,0,728,381000
1269,50,RL,11344,Inside,1Fam,5,1958,1958,MetalSd,0,874,144000
1270,40,RL,23595,Inside,1Fam,6,1979,1979,Plywood,0,1332,260000
1271,20,RL,9156,Inside,1Fam,7,1968,1968,BrkFace,0,1489,185750
1272,20,RL,13526,CulDSac,1Fam,6,1965,1965,HdBoard,375,935,137000
1273,80,RL,11512,Corner,1Fam,7,1959,2006,Plywood,0,1019,177000
1274,50,RL,5362,Corner,1Fam,6,1910,2003,Wd Sdng,0,661,139000
1275,90,RL,11345,Corner,Duplex,5,1948,1950,AsbShng,0,928,137000
1276,60,RL,12936,CulDSac,1Fam,6,1972,1972,HdBoard,0,723,162000
1277,80,RL,17871,CulDSac,1Fam,5,1967,1976,HdBoard,0,1680,197900
1278,60,RL,9473,Inside,1Fam,5,2002,2002,VinylSd,0,1128,237000
1279,50,C (all),7500,Inside,1Fam,4,1920,1950,MetalSd,0,698,68400
1280,20,RL,9808,Inside,1Fam,5,2002,2002,VinylSd,0,1573,227000
1281,20,RL,8049,CulDSac,1Fam,5,1990,1990,HdBoard,0,1309,180000
1282,20,RL,8800,Inside,1Fam,7,1977,2008,HdBoard,144,1040,150500
1283,90,RL,9400,Corner,Duplex,5,1971,1971,MetalSd,0,912,139000
1284,50,RL,9638,Inside,1Fam,7,1919,1990,Wd Sdng,0,804,169000
1285,50,RM,6000,Inside,1Fam,6,1939,1950,MetalSd,0,780,132500
1286,20,RL,9790,Inside,1Fam,5,1963,1963,HdBoard,81,1328,143000
1287,20,RL,36500,Inside,1Fam,5,1964,1964,Wd Sdng,0,1624,190000
1288,120,RL,5664,Inside,TwnhsE,5,2000,2000,CemntBd,0,1501,278000
1289,60,RL,11065,Inside,1Fam,5,2006,2006,VinylSd,0,1085,281000
1290,80,RL,14112,Corner,1Fam,7,1964,1964,Wd Sdng,0,1152,180500
1291,160,RM,1680,Inside,Twnhs,7,1972,1972,CemntBd,0,630,119500
1292,70,RM,6600,Corner,1Fam,4,1892,1965,Wd Sdng,0,994,107500
1293,60,RL,10140,Inside,1Fam,5,1976,1976,HdBoard,0,832,162900
1294,20,RL,8172,Inside,1Fam,7,1955,1990,WdShing,0,864,115000
1295,20,RL,8400,Inside,1Fam,5,1968,1968,HdBoard,0,1052,138500
1296,20,RL,8700,Inside,1Fam,6,1963,1963,MetalSd,0,1120,155000
1297,180,RM,3675,Inside,TwnhsE,5,2005,2006,VinylSd,0,547,140000
1298,60,RL,63887,Corner,1Fam,5,2008,2008,Stucco,0,6110,160000
1299,20,RL,7500,Inside,1Fam,7,1959,1994,BrkFace,906,1246,154000
1300,60,RL,10762,CulDSac,1Fam,5,1999,1999,VinylSd,0,978,225000
1301,70,RL,7500,Inside,1Fam,7,1942,1950,Wd Sdng,0,771,177500
1302,60,RL,10120,Inside,1Fam,5,1994,1994,VinylSd,0,1165,290000
1303,20,RL,8688,Inside,1Fam,5,2005,2005,VinylSd,0,1616,232000
1304,160,RM,3363,Inside,TwnhsE,5,2004,2004,VinylSd,0,976,130000
1305,20,RL,13173,Corner,1Fam,5,2006,2007,VinylSd,0,1652,325000
1306,120,RL,6955,Inside,TwnhsE,5,2005,2006,VinylSd,0,1368,202500
1307,20,RL,8072,Inside,1Fam,5,1994,1995,VinylSd,0,990,138000
1308,20,RM,12000,Inside,1Fam,7,1948,2005,MetalSd,608,924,147000
1309,20,RL,7153,Inside,1Fam,5,1991,1991,HdBoard,0,1278,179200
1310,20,RL,17500,Inside,1Fam,8,1959,2002,BrkFace,0,1902,335000
1311,20,RL,8814,Inside,1Fam,5,2005,2007,VinylSd,0,1274,203000
1312,60,RL,9572,Inside,1Fam,5,1990,1990,Wd Sdng,0,1453,302000
1313,60,RL,14774,Corner,1Fam,5,1999,1999,VinylSd,0,1393,333168
1314,20,RL,8190,Inside,1Fam,6,1954,1954,Wd Sdng,0,948,119000
1315,60,RL,11075,Inside,1Fam,5,1969,1969,HdBoard,276,952,206900
1316,20,RL,10226,Inside,1Fam,5,2008,2008,VinylSd,0,1622,295493
1317,120,FV,4230,Corner,TwnhsE,5,2006,2007,VinylSd,0,1352,208900
1318,20,RL,14781,CulDSac,1Fam,5,2001,2002,VinylSd,0,1753,275000
1319,20,RL,10215,Inside,1Fam,5,1954,1954,Wd Sdng,0,864,111000
1320,20,RL,8400,Inside,1Fam,3,1957,1957,BrkFace,661,1478,156500
1321,20,RL,6627,Corner,1Fam,6,1949,1950,VinylSd,0,0,72500
1322,60,RL,10186,Inside,1Fam,5,1992,1992,HdBoard,0,750,190000
1323,30,RL,5330,Inside,1Fam,7,1940,1950,VinylSd,0,420,82500
1324,20,RL,9986,Inside,1Fam,5,2006,2007,VinylSd,0,1795,147000
1325,30,RM,3636,Inside,1Fam,4,1922,1950,AsbShng,0,796,55000
1326,30,RH,4270,Inside,1Fam,6,1931,2006,MetalSd,0,544,79000
1327,20,RL,6600,Inside,1Fam,9,1982,2008,VinylSd,0,816,130500
1328,50,RM,10440,Corner,1Fam,7,1920,1950,BrkFace,0,1510,256000
1329,60,RL,9084,Inside,1Fam,5,1998,1998,VinylSd,0,935,176500
1330,20,RL,10000,Inside,1Fam,5,2006,2006,VinylSd,0,1588,227000
1331,80,RL,10780,Inside,1Fam,5,1976,1976,MetalSd,0,911,132500
1332,20,RL,8877,Inside,1Fam,6,1938,1958,MetalSd,0,816,100000
1333,50,RM,7200,Corner,1Fam,6,1938,1995,Wd Sdng,0,803,125500
1334,160,RM,2368,Inside,TwnhsE,6,1970,1970,HdBoard,0,765,125000
1335,20,RL,9650,Inside,1Fam,5,1977,1977,Plywood,0,1350,167900
1336,90,RL,9246,Inside,Duplex,5,1973,1973,Plywood,0,1656,135000
1337,30,RM,4118,Corner,1Fam,4,1941,1950,Wd Sdng,0,693,52500
1338,60,RL,13450,Corner,1Fam,5,2002,2002,VinylSd,0,916,200000
1339,20,RL,9560,Corner,1Fam,7,1972,1972,MetalSd,0,864,128500
1340,20,RL,8294,Inside,1Fam,5,1971,1971,MetalSd,0,858,123000
1341,20,RL,13695,Inside,1Fam,5,2003,2004,VinylSd,0,1114,155000
1342,60,RL,9375,Inside,1Fam,5,2002,2002,VinylSd,0,1284,228500
1343,50,RL,7558,Inside,1Fam,6,1928,1950,BrkFace,0,896,177000
1344,60,RL,11103,Corner,1Fam,5,2006,2006,VinylSd,0,728,155835
1345,30,RM,6000,Inside,1Fam,4,1920,1950,MetalSd,0,960,108500
1346,20,RL,20781,CulDSac,1Fam,7,1968,2003,BrkFace,68,1568,262500
1347,20,RL,15306,Corner,1Fam,5,2006,2007,VinylSd,0,1732,283463
1348,20,RL,16196,Inside,1Fam,5,1998,1998,VinylSd,0,1482,215000
1349,70,RM,5250,Inside,1Fam,5,1872,1987,MetalSd,0,684,122000
1350,90,RL,11643,Inside,Duplex,5,1969,1969,MetalSd,0,1248,200000
1351,60,RL,9247,Inside,1Fam,6,1962,1962,HdBoard,0,858,171000
1352,50,RM,6000,Inside,1Fam,9,1937,2000,MetalSd,0,698,134900
1353,50,RL,14720,CulDSac,1Fam,5,1995,1996,VinylSd,0,2033,410000
1354,60,RL,10316,Inside,1Fam,5,2000,2000,VinylSd,0,992,235000
1355,80,RL,10192,Inside,1Fam,6,1968,1992,MetalSd,0,570,170000
1356,20,RL,9477,Corner,1Fam,5,1966,1966,HdBoard,0,864,110000
1357,20,RL,12537,CulDSac,1Fam,6,1971,2008,VinylSd,0,1078,149900
1358,160,FV,2117,Inside,Twnhs,5,2000,2000,MetalSd,0,756,177500
1359,20,RL,16737,FR3,1Fam,5,2004,2005,VinylSd,0,1980,315000
1360,70,RL,9842,Inside,1Fam,6,1921,1998,MetalSd,0,612,189000
1361,20,RL,16158,Inside,1Fam,5,2005,2005,VinylSd,0,1530,260000
1362,50,RL,12513,FR2,1Fam,4,1920,2007,VinylSd,0,715,104900
1363,60,RL,8499,Inside,1Fam,5,2006,2007,VinylSd,0,616,156932
1364,160,FV,3180,Inside,TwnhsE,5,2005,2005,MetalSd,0,600,144152
1365,60,FV,7500,Inside,1Fam,5,2000,2000,VinylSd,0,814,216000
1366,60,RL,9179,Inside,1Fam,5,1999,1999,VinylSd,0,873,193000
1367,160,RM,2665,Inside,TwnhsE,6,1977,1977,CemntBd,173,757,127000
1368,120,RM,4435,Inside,TwnhsE,5,2003,2004,VinylSd,0,848,144000
1369,20,RL,10635,FR2,1Fam,5,2003,2003,VinylSd,972,1657,232000
1370,50,RL,5400,Corner,1Fam,6,1920,1950,CBlock,105,840,105000
1371,80,RL,9600,Inside,1Fam,6,1955,1996,AsbShng,0,992,165500
1372,60,RL,9750,Corner,1Fam,6,1998,1998,VinylSd,0,1108,274300
1373,20,RL,11400,Inside,1Fam,5,2001,2002,VinylSd,0,2633,466500
1374,60,FV,10625,Inside,1Fam,5,2005,2005,CemntBd,0,1026,250000
1375,20,RL,10991,Inside,1Fam,5,2007,2007,VinylSd,0,1571,239000
1376,30,RL,6292,Inside,1Fam,5,1930,1950,Wd Sdng,0,768,91000
1377,50,RL,10998,Inside,1Fam,5,1941,1960,Wd Sdng,420,984,117000
1378,160,RM,1953,Inside,Twnhs,5,1973,1973,HdBoard,0,483,83000
1379,80,RL,9735,Inside,1Fam,5,2006,2007,VinylSd,0,384,167500
1380,30,RL,8212,Inside,1Fam,3,1914,1950,Stucco,0,864,58500
1381,20,RL,12925,Corner,1Fam,7,1970,1970,BrkFace,0,1205,237500
1382,70,RM,7200,Corner,1Fam,7,1920,1950,Wd Sdng,0,596,157000
1383,30,RL,25339,Inside,1Fam,7,1918,2007,Wd Sdng,0,816,112000
1384,50,RL,9060,Inside,1Fam,5,1939,1950,WdShing,0,560,105000
1385,50,RM,5436,Inside,1Fam,8,1922,2007,VinylSd,0,796,125500
1386,60,RL,16692,Inside,1Fam,5,1978,1978,Plywood,469,1392,250000
1387,50,RM,8520,Inside,1Fam,7,1916,1950,Stucco,546,714,136000
1388,20,RL,14892,CulDSac,1Fam,5,2006,2007,VinylSd,0,1746,377500
1389,50,RM,6000,Inside,1Fam,6,1941,1950,Wd Sdng,0,735,131000
1390,20,RL,9100,Inside,1Fam,5,2000,2000,VinylSd,0,1525,235000
1391,90,RL,8944,Inside,Duplex,5,1967,1967,Plywood,0,1584,124000
1392,85,RL,7838,Inside,1Fam,5,1967,1967,HdBoard,0,864,123000
1393,190,RM,10800,Inside,2fmCon,7,1905,2000,Wd Sdng,0,482,163000
1394,120,RL,4045,Inside,TwnhsE,5,2006,2006,VinylSd,0,1356,246578
1395,60,RL,12665,Inside,1Fam,5,2005,2006,VinylSd,0,1094,281213
1396,20,RL,57200,Inside,1Fam,5,1948,1950,Wd Sdng,334,747,160000
1397,70,RM,6120,Inside,1Fam,8,1920,2004,MetalSd,0,939,137500
1398,50,RL,7200,Inside,1Fam,4,1950,1982,VinylSd,352,1208,138000
1399,50,RL,6171,Inside,1Fam,6,1925,1990,WdShing,0,976,137450
1400,50,RM,6000,Corner,1Fam,7,1929,1950,WdShing,0,862,120000
1401,60,RL,7415,Inside,1Fam,5,2004,2004,VinylSd,0,839,193000
1402,20,RL,6762,Inside,1Fam,5,2006,2006,VinylSd,0,1286,193879
1403,20,RL,15256,CulDSac,1Fam,5,2007,2007,VinylSd,0,1485,282922
1404,50,RL,10410,Corner,1Fam,4,1915,1950,Wd Sdng,0,672,105000
1405,120,RM,3842,Inside,TwnhsE,5,2004,2005,CemntBd,0,1594,275000
1406,85,RL,8445,Corner,1Fam,7,1972,2007,HdBoard,0,768,133000
1407,20,RL,8780,Corner,1Fam,5,1985,1985,HdBoard,0,833,112000
1408,70,RM,7740,Inside,1Fam,7,1910,1950,VinylSd,0,622,125500
1409,60,RL,20544,CulDSac,1Fam,6,1986,1991,Plywood,0,791,215000
1410,60,RL,12420,Inside,1Fam,5,2001,2001,VinylSd,0,944,230000
1411,50,RL,9600,Inside,1Fam,8,1950,2005,VinylSd,0,856,140000
1412,90,RL,7200,Inside,Duplex,5,1949,1950,BrkFace,0,0,90000
1413,20,RL,10994,Corner,1Fam,5,2005,2006,VinylSd,0,1844,257000
1414,50,RL,13053,Inside,1Fam,7,1923,2000,Wd Sdng,0,833,207000
1415,120,RL,3635,Inside,TwnhsE,5,2007,2007,VinylSd,0,1386,175900
1416,190,RM,11340,Inside,2fmCon,6,1885,1950,VinylSd,0,777,122500
1417,60,RL,16545,Inside,1Fam,5,1998,1998,VinylSd,0,1284,340000
1418,20,RL,9204,Inside,1Fam,5,1963,1963,HdBoard,872,1144,124000
1419,20,RL,16381,Inside,1Fam,5,1969,1969,Plywood,0,1844,223000
1420,60,RL,11700,Corner,1Fam,6,1968,1968,HdBoard,0,708,179900
1421,120,RL,4043,Inside,TwnhsE,5,1977,1977,Plywood,0,1069,127500
1422,120,RM,4435,Inside,TwnhsE,5,2003,2003,VinylSd,0,848,136500
1423,80,RL,19690,CulDSac,1Fam,7,1966,1966,Plywood,0,697,274970
1424,20,RL,9503,Inside,1Fam,5,1958,1983,HdBoard,374,1024,144000
1425,20,RL,10721,Inside,1Fam,6,1959,1959,HdBoard,0,1252,142000
1426,60,RL,10944,Inside,1Fam,5,1994,1994,VinylSd,0,1223,271000
1427,50,RL,10930,Inside,1Fam,6,1945,1950,MetalSd,0,913,140000
1428,30,RM,7200,Corner,1Fam,7,1940,1992,MetalSd,0,788,119000
1429,20,RL,12546,Corner,1Fam,7,1981,1981,MetalSd,0,1440,182900
1430,60,RL,21930,Inside,1Fam,5,2005,2005,VinylSd,0,732,192140
1431,120,RL,4928,Inside,TwnhsE,6,1976,1976,Plywood,0,958,143750
1432,30,RL,10800,Inside,1Fam,6,1927,2007,Wd Sdng,0,656,64500
1433,60,RL,10261,Inside,1Fam,5,2000,2000,VinylSd,0,936,186500
1434,20,RL,17400,Inside,1Fam,5,1977,1977,BrkFace,0,1126,160000
1435,20,RL,8400,Inside,1Fam,9,1962,2005,Wd Sdng,0,1319,174000
1436,20,RL,9000,FR2,1Fam,6,1971,1971,HdBoard,0,864,120500
1437,20,RL,12444,FR2,1Fam,5,2008,2008,VinylSd,0,1932,394617
1438,20,RM,7407,Inside,1Fam,7,1957,1996,MetalSd,0,912,149700
1439,60,RL,11584,Inside,1Fam,6,1979,1979,HdBoard,110,539,197000
1440,70,RL,11526,Inside,1Fam,7,1922,1994,MetalSd,0,588,191000
1441,120,RM,4426,Inside,TwnhsE,5,2004,2004,VinylSd,0,848,149300
1442,60,FV,11003,Inside,1Fam,5,2008,2008,VinylSd,0,1017,310000
1443,30,RL,8854,Inside,1Fam,6,1916,1950,Wd Sdng,0,952,121000
1444,20,RL,8500,FR2,1Fam,5,2004,2004,VinylSd,0,1422,179600
1445,85,RL,8400,Inside,1Fam,5,1966,1966,VinylSd,627,814,129000
1446,20,RL,26142,CulDSac,1Fam,7,1962,1962,HdBoard,0,1188,157900
1447,60,RL,10000,Inside,1Fam,5,1995,1996,VinylSd,0,1220,240000
1448,50,RL,11767,Inside,1Fam,7,1910,2000,MetalSd,0,560,112000
1449,180,RM,1533,Inside,Twnhs,7,1970,1970,CemntBd,0,630,92000
1450,90,RL,9000,FR2,Duplex,5,1974,1974,VinylSd,0,896,136000
1451,20,RL,9262,Inside,1Fam,5,2008,2009,CemntBd,0,1573,287090
1452,180,RM,3675,Inside,TwnhsE,5,2005,2005,VinylSd,0,547,145000
1453,20,RL,17217,Inside,1Fam,5,2006,2006,VinylSd,0,1140,84500
1454,20,FV,7500,Inside,1Fam,5,2004,2005,VinylSd,0,1221,185000
1455,60,RL,7917,Inside,1Fam,5,1999,2000,VinylSd,0,953,175000
1456,20,RL,13175,Inside,1Fam,6,1978,1988,Plywood,163,1542,210000
1457,70,RL,9042,Inside,1Fam,9,1941,2006,CemntBd,0,1152,266500
1458,20,RL,9717,Inside,1Fam,6,1950,1996,MetalSd,1029,1078,142125
1459,20,RL,9937,Inside,1Fam,6,1965,1965,HdBoard,290,1256,147500
